date_only,posts_per_day,avg_sentiment,avg_sentiment_normalized,date_only_stock,ticker,Open,High,Low,Close,Volume
2025-03-29,15,0.1379791666666666,56.89895833333333,,,,,,,
2025-03-30,27,0.1444674386284969,57.22337193142484,2025-03-31,TSLA,249.30999755859375,260.55999755859375,243.36000061035156,259.1600036621094,134008900
2025-03-31,27,0.1388964175184567,56.94482087592284,2025-04-01,TSLA,263.79998779296875,277.45001220703125,259.25,268.4599914550781,146486900
2025-04-01,28,0.0788850732398884,53.94425366199442,2025-04-02,TSLA,254.60000610351562,284.989990234375,251.27000427246094,282.760009765625,212787800
2025-04-02,92,0.0241968055513242,51.209840277566215,2025-04-03,TSLA,265.2900085449219,276.29998779296875,261.510009765625,267.2799987792969,136174300
2025-04-03,123,0.0482491011210573,52.41245505605287,2025-04-04,TSLA,255.3800048828125,261.0,236.0,239.42999267578125,181229400
2025-04-04,186,0.0600318705313628,53.00159352656815,,,,,,,
2025-04-05,86,0.002888201328211,50.14441006641055,,,,,,,
2025-04-06,157,-0.0211867470575745,48.94066264712127,2025-04-07,TSLA,223.77999877929688,252.0,214.25,233.2899932861328,183453800
2025-04-07,255,0.0164820508417194,50.82410254208597,2025-04-08,TSLA,245.0,250.44000244140625,217.8000030517578,221.86000061035156,171603500
2025-04-08,207,-0.000824042530077,49.95879787349615,2025-04-09,TSLA,224.69000244140625,274.69000244140625,223.8800048828125,272.20001220703125,219433400
2025-04-09,318,0.0159543459391444,50.79771729695722,2025-04-10,TSLA,260.0,262.489990234375,239.3300018310547,252.39999389648438,181722600
2025-04-10,189,0.0294149270291681,51.47074635145841,2025-04-11,TSLA,251.83999633789062,257.739990234375,241.36000061035156,252.30999755859375,128948100
2025-04-11,123,0.0187676521157346,50.93838260578673,,,,,,,
2025-04-12,86,0.0363432704688504,51.81716352344253,,,,,,,
2025-04-13,94,-0.00374573536883,49.8127132315585,2025-04-14,TSLA,258.3599853515625,261.79998779296875,245.92999267578125,252.35000610351562,100135200
2025-04-14,117,0.0451144454774693,52.25572227387347,2025-04-15,TSLA,249.91000366210938,258.75,247.5399932861328,254.11000061035156,79594300
2025-04-15,115,0.0049576922527085,50.247884612635424,2025-04-16,TSLA,247.61000061035156,251.97000122070312,233.88999938964844,241.5500030517578,112378700
2025-04-16,111,0.0171212204964311,50.85606102482155,2025-04-17,TSLA,243.47000122070312,244.33999633789062,237.67999267578125,241.3699951171875,83404800
