date_only,posts_per_day,avg_sentiment,avg_sentiment_normalized
2024-09-09,4,0.021952182769775383,51.09760913848877
2024-09-12,2,-0.2423335324525833,37.883323377370836
2024-09-14,1,0.24695,62.3475
2024-09-16,1,-0.2144625,39.276875
2024-09-18,3,-0.1562109199285507,42.18945400357246
2024-09-19,1,-0.2294,38.53
2024-09-23,1,-0.2144625,39.276875
2024-09-25,1,-0.20095,39.9525
2024-09-26,1,0.3913652919888496,69.56826459944247
2024-09-28,1,-0.3678008019924164,31.60995990037918
2024-09-30,1,-0.2144625,39.276875
2024-10-07,2,-0.27381447815895077,36.30927609205246
2024-10-13,1,0.5237492355823516,76.18746177911758
2024-10-14,1,-0.2144625,39.276875
2024-10-19,1,-0.08382561211585998,45.808719394206996
2024-10-21,1,-0.2144625,39.276875
2024-10-25,1,-0.5998856806278229,20.005715968608857
2024-10-28,1,-0.2144625,39.276875
2024-10-29,1,0.11315,55.657500000000006
2024-10-31,3,-0.44238200778961184,27.88089961051941
2024-11-04,1,-0.2144625,39.276875
2024-11-06,1,-0.3931131958961487,30.344340205192566
2024-11-11,2,-0.20268124999999998,39.8659375
2024-11-17,1,-0.03661874828338624,48.16906258583069
2024-11-18,1,-0.2144625,39.276875
2024-11-19,1,0.0,50.0
2024-11-25,2,-0.10723125,44.638437499999995
2024-11-27,1,-0.7377189596652984,13.114052016735078
2024-11-28,1,-0.6836350630760193,15.818246846199035
2024-12-02,2,-0.4418259186029434,27.908704069852828
2024-12-03,1,0.0,50.0
2024-12-04,1,-0.7194380120754242,14.028099396228788
2024-12-09,1,-0.2144625,39.276875
2024-12-13,1,-0.7243791182994843,13.781044085025783
2024-12-16,1,-0.2144625,39.276875
2024-12-18,1,-0.26335,36.8325
2024-12-20,1,0.0,50.0
2024-12-21,1,0.0,50.0
2024-12-23,1,-0.2144625,39.276875
2024-12-24,1,-0.21075,39.4625
2024-12-30,1,-0.2144625,39.276875
2025-01-06,1,-0.2144625,39.276875
2025-01-07,2,0.6109969987869264,80.54984993934632
2025-01-09,1,-0.3875873351573944,30.62063324213028
2025-01-13,2,-0.10723125,44.638437499999995
2025-01-20,1,-0.2144625,39.276875
2025-01-27,1,-0.2144625,39.276875
2025-01-29,1,0.0389242747783661,51.9462137389183
2025-02-03,2,-0.31838684952259066,34.080657523870464
2025-02-04,1,0.143175,57.158750000000005
2025-02-06,3,-0.10039886598189673,44.98005670090516
2025-02-09,2,-0.18799480919837952,40.600259540081026
2025-02-10,1,-0.2144625,39.276875
2025-02-11,2,-0.19579409215450289,40.21029539227486
2025-02-12,21,0.04728310386566889,52.364155193283445
2025-02-13,26,0.13088549174437156,56.544274587218574
2025-02-14,29,0.057803196061685165,52.89015980308426
2025-02-15,15,0.012874536780516293,50.64372683902582
2025-02-16,25,0.1015492945318222,55.07746472659112
2025-02-17,25,0.1413937926416397,57.06968963208198
2025-02-18,16,0.13486378269307317,56.743189134653655
2025-02-19,43,0.037955228545222174,51.897761427261116
2025-02-20,77,0.0804500628153225,54.02250314076612
2025-02-21,108,0.01920488826268249,50.96024441313412
2025-02-22,67,0.055877789236271555,52.79388946181358
2025-02-23,59,0.08871627014572338,54.43581350728617
2025-02-24,104,0.05425589035686392,52.71279451784319
2025-02-25,145,0.06585205970061236,53.29260298503062
2025-02-26,121,0.06708891235570276,53.35444561778514
2025-02-27,142,0.05822088319717999,52.911044159859
2025-02-28,95,0.06283186660001151,53.141593330000575
2025-03-01,53,0.05205925278719866,52.60296263935994
2025-03-02,38,0.0985428778667199,54.927143893335995
2025-03-03,135,0.04312158601531276,52.15607930076563
2025-03-04,162,0.05123246351303878,52.56162317565194
2025-03-05,97,0.03130834577747227,51.56541728887362
2025-03-06,99,0.04315388906959331,52.15769445347967
2025-03-07,110,0.03368435627785596,51.6842178138928
2025-03-08,45,0.05183561454746459,52.59178072737323
2025-03-09,35,0.005914466697488513,50.295723334874424
2025-03-10,159,0.03408149244950252,51.704074622475126
2025-03-11,104,0.06744471380739257,53.37223569036963
2025-03-12,111,0.056106798016756505,52.80533990083783
2025-03-13,94,0.02967759781727131,51.48387989086356
2025-03-14,79,0.015476504028145275,50.77382520140726
2025-03-15,62,0.055199133064862224,52.75995665324311
2025-03-16,55,0.1171273351454735,55.856366757273676
2025-03-17,85,0.06091735321185169,53.04586766059259
2025-03-18,56,0.0612603760628828,53.06301880314414
