date,date_only,ticker,Open,High,Low,Close,Volume,Open,High,Low,Close,Volume,Open,High,Low,Close,Volume,Open,High,Low,Close,Volume
,,,TSLA,TSLA,TSLA,TSLA,TSLA,GME,GME,GME,GME,GME,AAPL,AAPL,AAPL,AAPL,AAPL,NVDA,NVDA,NVDA,NVDA,NVDA
2024-08-01,2024-08-01,AAPL,,,,,,,,,,,224.3699951171875,224.47999572753906,217.02000427246094,218.36000061035156,62501000.0,,,,,
2024-08-01,2024-08-01,GME,,,,,,22.920000076293945,23.09000015258789,21.559999465942383,21.709999084472656,9334400.0,,,,,,,,,,
2024-08-01,2024-08-01,NVDA,,,,,,,,,,,,,,,,117.52999877929688,120.16000366210938,106.80999755859375,109.20999908447266,523462300.0
2024-08-01,2024-08-01,TSLA,227.69000244140625,231.8699951171875,214.3300018310547,216.86000061035156,83861900.0,,,,,,,,,,,,,,,
2024-08-02,2024-08-02,AAPL,,,,,,,,,,,219.14999389648438,225.60000610351562,217.7100067138672,219.86000061035156,105568600.0,,,,,
2024-08-02,2024-08-02,GME,,,,,,20.950000762939453,21.610000610351562,20.43000030517578,21.06999969482422,9030000.0,,,,,,,,,,
2024-08-02,2024-08-02,NVDA,,,,,,,,,,,,,,,,103.76000213623047,108.72000122070312,101.37000274658203,107.2699966430664,482027500.0
2024-08-02,2024-08-02,TSLA,214.8800048828125,216.1300048828125,205.77999877929688,207.6699981689453,82880100.0,,,,,,,,,,,,,,,
2024-08-05,2024-08-05,AAPL,,,,,,,,,,,199.08999633789062,213.5,196.0,209.27000427246094,119548600.0,,,,,
2024-08-05,2024-08-05,GME,,,,,,18.829999923706055,20.799999237060547,18.729999542236328,20.649999618530273,12205900.0,,,,,,,,,,
2024-08-05,2024-08-05,NVDA,,,,,,,,,,,,,,,,92.05999755859375,103.41000366210938,90.69000244140625,100.44999694824219,552842400.0
2024-08-05,2024-08-05,TSLA,185.22000122070312,203.8800048828125,182.0,198.8800048828125,100308800.0,,,,,,,,,,,,,,,
2024-08-06,2024-08-06,AAPL,,,,,,,,,,,205.3000030517578,209.99000549316406,201.07000732421875,207.22999572753906,69660500.0,,,,,
2024-08-06,2024-08-06,GME,,,,,,21.020000457763672,21.579999923706055,20.260000228881836,21.280000686645508,6505300.0,,,,,,,,,,
2024-08-06,2024-08-06,NVDA,,,,,,,,,,,,,,,,103.83999633789062,107.70999908447266,100.55000305175781,104.25,409012100.0
2024-08-06,2024-08-06,TSLA,200.75,202.89999389648438,192.6699981689453,200.63999938964844,73783900.0,,,,,,,,,,,,,,,
2024-08-07,2024-08-07,AAPL,,,,,,,,,,,206.89999389648438,213.63999938964844,206.38999938964844,209.82000732421875,63516400.0,,,,,
2024-08-07,2024-08-07,GME,,,,,,21.149999618530273,21.459999084472656,20.3799991607666,20.829999923706055,6101100.0,,,,,,,,,,
2024-08-07,2024-08-07,NVDA,,,,,,,,,,,,,,,,107.80999755859375,108.80000305175781,98.69000244140625,98.91000366210938,411440400.0
2024-08-07,2024-08-07,TSLA,200.77000427246094,203.49000549316406,191.47999572753906,191.75999450683594,71159800.0,,,,,,,,,,,,,,,
2024-08-08,2024-08-08,AAPL,,,,,,,,,,,213.11000061035156,214.1999969482422,208.8300018310547,213.30999755859375,47161100.0,,,,,
2024-08-08,2024-08-08,GME,,,,,,21.010000228881836,21.8799991607666,20.809999465942383,21.75,5439700.0,,,,,,,,,,
2024-08-08,2024-08-08,NVDA,,,,,,,,,,,,,,,,102.0,105.5,97.5199966430664,104.97000122070312,391910000.0
2024-08-08,2024-08-08,TSLA,195.6999969482422,200.6999969482422,192.0399932861328,198.83999633789062,65033900.0,,,,,,,,,,,,,,,
2024-08-09,2024-08-09,AAPL,,,,,,,,,,,212.10000610351562,216.77999877929688,211.97000122070312,216.24000549316406,42201600.0,,,,,
2024-08-09,2024-08-09,GME,,,,,,21.510000228881836,22.170000076293945,21.459999084472656,21.93000030517578,4828900.0,,,,,,,,,,
2024-08-09,2024-08-09,NVDA,,,,,,,,,,,,,,,,105.63999938964844,106.5999984741211,103.43000030517578,104.75,290844200.0
2024-08-09,2024-08-09,TSLA,197.0500030517578,200.8800048828125,195.11000061035156,200.0,58648300.0,,,,,,,,,,,,,,,
2024-08-12,2024-08-12,AAPL,,,,,,,,,,,216.07000732421875,219.50999450683594,215.60000610351562,217.52999877929688,38028100.0,,,,,
2024-08-12,2024-08-12,GME,,,,,,21.979999542236328,22.270000457763672,21.450000762939453,21.8799991607666,4449100.0,,,,,,,,,,
2024-08-12,2024-08-12,NVDA,,,,,,,,,,,,,,,,106.31999969482422,111.06999969482422,106.26000213623047,109.0199966430664,325559900.0
2024-08-12,2024-08-12,TSLA,199.02000427246094,199.25999450683594,194.6699981689453,197.49000549316406,64044900.0,,,,,,,,,,,,,,,
2024-08-13,2024-08-13,AAPL,,,,,,,,,,,219.00999450683594,221.88999938964844,219.00999450683594,221.27000427246094,44155300.0,,,,,
2024-08-13,2024-08-13,GME,,,,,,21.959999084472656,22.3799991607666,21.860000610351562,22.270000457763672,3913700.0,,,,,,,,,,
2024-08-13,2024-08-13,NVDA,,,,,,,,,,,,,,,,112.44000244140625,116.2300033569336,111.58000183105469,116.13999938964844,312646700.0
2024-08-13,2024-08-13,TSLA,198.47000122070312,208.49000549316406,197.05999755859375,207.8300018310547,76247400.0,,,,,,,,,,,,,,,
2024-08-14,2024-08-14,AAPL,,,,,,,,,,,220.57000732421875,223.02999877929688,219.6999969482422,221.72000122070312,41960600.0,,,,,
2024-08-14,2024-08-14,GME,,,,,,22.34000015258789,22.729999542236328,21.790000915527344,21.989999771118164,3489400.0,,,,,,,,,,
2024-08-14,2024-08-14,NVDA,,,,,,,,,,,,,,,,118.52999877929688,118.5999984741211,114.06999969482422,118.08000183105469,339246400.0
2024-08-14,2024-08-14,TSLA,207.38999938964844,208.44000244140625,198.75,201.3800048828125,70250000.0,,,,,,,,,,,,,,,
2024-08-15,2024-08-15,AAPL,,,,,,,,,,,224.60000610351562,225.35000610351562,222.75999450683594,224.72000122070312,46414000.0,,,,,
2024-08-15,2024-08-15,GME,,,,,,22.25,22.84000015258789,21.969999313354492,22.530000686645508,5361400.0,,,,,,,,,,
2024-08-15,2024-08-15,NVDA,,,,,,,,,,,,,,,,118.76000213623047,123.23999786376953,117.47000122070312,122.86000061035156,318086700.0
2024-08-15,2024-08-15,TSLA,205.02000427246094,215.8800048828125,204.82000732421875,214.13999938964844,89848500.0,,,,,,,,,,,,,,,
2024-08-16,2024-08-16,AAPL,,,,,,,,,,,223.9199981689453,226.8300018310547,223.64999389648438,226.0500030517578,44340200.0,,,,,
2024-08-16,2024-08-16,GME,,,,,,22.3700008392334,22.690000534057617,22.239999771118164,22.399999618530273,3641800.0,,,,,,,,,,
2024-08-16,2024-08-16,NVDA,,,,,,,,,,,,,,,,121.94000244140625,125.0,121.18000030517578,124.58000183105469,302589900.0
2024-08-16,2024-08-16,TSLA,211.14999389648438,219.8000030517578,210.8000030517578,216.1199951171875,88765100.0,,,,,,,,,,,,,,,
2024-08-19,2024-08-19,AAPL,,,,,,,,,,,225.72000122070312,225.99000549316406,223.0399932861328,225.88999938964844,40687800.0,,,,,
2024-08-19,2024-08-19,GME,,,,,,22.350000381469727,23.100000381469727,22.31999969482422,22.65999984741211,4543500.0,,,,,,,,,,
2024-08-19,2024-08-19,NVDA,,,,,,,,,,,,,,,,124.27999877929688,130.0,123.41999816894531,130.0,318333600.0
2024-08-19,2024-08-19,TSLA,217.07000732421875,222.97999572753906,214.08999633789062,222.72000122070312,76435200.0,,,,,,,,,,,,,,,
2024-08-20,2024-08-20,AAPL,,,,,,,,,,,225.77000427246094,227.1699981689453,225.4499969482422,226.50999450683594,30299000.0,,,,,
2024-08-20,2024-08-20,GME,,,,,,22.5,22.520000457763672,21.959999084472656,22.280000686645508,3570300.0,,,,,,,,,,
2024-08-20,2024-08-20,NVDA,,,,,,,,,,,,,,,,128.39999389648438,129.8800048828125,125.88999938964844,127.25,300087400.0
2024-08-20,2024-08-20,TSLA,224.8800048828125,228.22000122070312,219.55999755859375,221.10000610351562,74001200.0,,,,,,,,,,,,,,,
2024-08-21,2024-08-21,AAPL,,,,,,,,,,,226.52000427246094,227.97999572753906,225.0500030517578,226.39999389648438,34765500.0,,,,,
2024-08-21,2024-08-21,GME,,,,,,22.170000076293945,22.649999618530273,22.15999984741211,22.549999237060547,3163200.0,,,,,,,,,,
2024-08-21,2024-08-21,NVDA,,,,,,,,,,,,,,,,127.31999969482422,129.35000610351562,126.66000366210938,128.5,257883600.0
2024-08-21,2024-08-21,TSLA,222.6699981689453,224.66000366210938,218.86000061035156,223.27000427246094,70146000.0,,,,,,,,,,,,,,,
2024-08-22,2024-08-22,AAPL,,,,,,,,,,,227.7899932861328,228.33999633789062,223.89999389648438,224.52999877929688,43695300.0,,,,,
2024-08-22,2024-08-22,GME,,,,,,22.5,22.760000228881836,22.09000015258789,22.1200008392334,3382500.0,,,,,,,,,,
2024-08-22,2024-08-22,NVDA,,,,,,,,,,,,,,,,130.02000427246094,130.75,123.0999984741211,123.73999786376953,376189100.0
2024-08-22,2024-08-22,TSLA,223.82000732421875,224.8000030517578,210.32000732421875,210.66000366210938,79514500.0,,,,,,,,,,,,,,,
2024-08-23,2024-08-23,AAPL,,,,,,,,,,,225.66000366210938,228.22000122070312,224.3300018310547,226.83999633789062,38677300.0,,,,,
2024-08-23,2024-08-23,GME,,,,,,22.25,22.6200008392334,22.18000030517578,22.209999084472656,4056700.0,,,,,,,,,,
2024-08-23,2024-08-23,NVDA,,,,,,,,,,,,,,,,125.86000061035156,129.60000610351562,125.22000122070312,129.3699951171875,323230300.0
2024-08-23,2024-08-23,TSLA,214.4600067138672,221.47999572753906,214.2100067138672,220.32000732421875,81525200.0,,,,,,,,,,,,,,,
2024-08-26,2024-08-26,AAPL,,,,,,,,,,,226.75999450683594,227.27999877929688,223.88999938964844,227.17999267578125,30602200.0,,,,,
2024-08-26,2024-08-26,GME,,,,,,22.25,22.389999389648438,21.299999237060547,21.360000610351562,4780500.0,,,,,,,,,,
2024-08-26,2024-08-26,NVDA,,,,,,,,,,,,,,,,129.57000732421875,131.25999450683594,124.37000274658203,126.45999908447266,331964700.0
2024-08-26,2024-08-26,TSLA,218.75,219.08999633789062,211.00999450683594,213.2100067138672,59301200.0,,,,,,,,,,,,,,,
2024-08-27,2024-08-27,AAPL,,,,,,,,,,,226.0,228.85000610351562,224.88999938964844,228.02999877929688,35934600.0,,,,,
2024-08-27,2024-08-27,GME,,,,,,21.059999465942383,21.290000915527344,20.65999984741211,20.739999771118164,4118800.0,,,,,,,,,,
2024-08-27,2024-08-27,NVDA,,,,,,,,,,,,,,,,125.05000305175781,129.1999969482422,123.87999725341797,128.3000030517578,303134600.0
2024-08-27,2024-08-27,TSLA,213.25,215.66000366210938,206.94000244140625,209.2100067138672,62821400.0,,,,,,,,,,,,,,,
2024-08-28,2024-08-28,AAPL,,,,,,,,,,,227.9199981689453,229.86000061035156,225.67999267578125,226.49000549316406,38052200.0,,,,,
2024-08-28,2024-08-28,GME,,,,,,20.709999084472656,21.06999969482422,19.8799991607666,19.899999618530273,5219500.0,,,,,,,,,,
2024-08-28,2024-08-28,NVDA,,,,,,,,,,,,,,,,128.1199951171875,128.3300018310547,122.63999938964844,125.61000061035156,448101100.0
2024-08-28,2024-08-28,TSLA,209.72000122070312,211.83999633789062,202.58999633789062,205.75,64116400.0,,,,,,,,,,,,,,,
2024-08-29,2024-08-29,AAPL,,,,,,,,,,,230.10000610351562,232.9199981689453,228.8800048828125,229.7899932861328,51906300.0,,,,,
2024-08-29,2024-08-29,GME,,,,,,20.5,22.450000762939453,20.469999313354492,21.510000228881836,10428400.0,,,,,,,,,,
2024-08-29,2024-08-29,NVDA,,,,,,,,,,,,,,,,121.36000061035156,124.43000030517578,116.70999908447266,117.58999633789062,453023300.0
2024-08-29,2024-08-29,TSLA,209.8000030517578,214.88999938964844,205.97000122070312,206.27999877929688,62308800.0,,,,,,,,,,,,,,,
2024-08-30,2024-08-30,AAPL,,,,,,,,,,,230.19000244140625,230.39999389648438,227.47999572753906,229.0,52990800.0,,,,,
2024-08-30,2024-08-30,GME,,,,,,21.81999969482422,23.479999542236328,21.729999542236328,23.420000076293945,15680700.0,,,,,,,,,,
2024-08-30,2024-08-30,NVDA,,,,,,,,,,,,,,,,119.52999877929688,121.75,117.22000122070312,119.37000274658203,333751600.0
2024-08-30,2024-08-30,TSLA,208.6300048828125,214.57000732421875,207.02999877929688,214.11000061035156,63370600.0,,,,,,,,,,,,,,,
2024-09-03,2024-09-03,AAPL,,,,,,,,,,,228.5500030517578,229.0,221.1699981689453,222.77000427246094,50190600.0,,,,,
2024-09-03,2024-09-03,GME,,,,,,24.149999618530273,24.690000534057617,22.81999969482422,23.139999389648438,11350500.0,,,,,,,,,,
2024-09-03,2024-09-03,NVDA,,,,,,,,,,,,,,,,116.01000213623047,116.20999908447266,107.29000091552734,108.0,477155100.0
2024-09-03,2024-09-03,TSLA,215.25999450683594,219.89999389648438,209.63999938964844,210.60000610351562,76714200.0,,,,,,,,,,,,,,,
2024-09-04,2024-09-04,AAPL,,,,,,,,,,,221.66000366210938,221.77999877929688,217.47999572753906,220.85000610351562,43840200.0,,,,,
2024-09-04,2024-09-04,GME,,,,,,22.850000381469727,23.709999084472656,22.110000610351562,22.1200008392334,6700900.0,,,,,,,,,,
2024-09-04,2024-09-04,NVDA,,,,,,,,,,,,,,,,105.41000366210938,113.2699966430664,104.12000274658203,106.20999908447266,372470300.0
2024-09-04,2024-09-04,TSLA,210.58999633789062,222.22000122070312,210.57000732421875,219.41000366210938,80651800.0,,,,,,,,,,,,,,,
2024-09-05,2024-09-05,AAPL,,,,,,,,,,,221.6300048828125,225.47999572753906,221.52000427246094,222.3800048828125,36615400.0,,,,,
2024-09-05,2024-09-05,GME,,,,,,22.0,22.68000030517578,21.65999984741211,22.389999389648438,5101200.0,,,,,,,,,,
2024-09-05,2024-09-05,NVDA,,,,,,,,,,,,,,,,104.98999786376953,109.6500015258789,104.76000213623047,107.20999908447266,306850700.0
2024-09-05,2024-09-05,TSLA,223.49000549316406,235.0,222.25,230.1699981689453,119355000.0,,,,,,,,,,,,,,,
2024-09-06,2024-09-06,AAPL,,,,,,,,,,,223.9499969482422,225.24000549316406,219.77000427246094,220.82000732421875,48423000.0,,,,,
2024-09-06,2024-09-06,GME,,,,,,22.399999618530273,24.479999542236328,21.799999237060547,23.920000076293945,23884000.0,,,,,,,,,,
2024-09-06,2024-09-06,NVDA,,,,,,,,,,,,,,,,108.04000091552734,108.1500015258789,100.94999694824219,102.83000183105469,413638100.0
2024-09-06,2024-09-06,TSLA,232.60000610351562,233.60000610351562,210.50999450683594,210.72999572753906,112177000.0,,,,,,,,,,,,,,,
2024-09-09,2024-09-09,AAPL,,,,,,,,,,,220.82000732421875,221.27000427246094,216.7100067138672,220.91000366210938,67180000.0,,,,,
2024-09-09,2024-09-09,GME,,,,,,23.239999771118164,25.020000457763672,23.15999984741211,24.25,14064700.0,,,,,,,,,,
2024-09-09,2024-09-09,NVDA,,,,,,,,,,,,,,,,104.87999725341797,106.55000305175781,103.69000244140625,106.47000122070312,273912000.0
2024-09-09,2024-09-09,TSLA,216.1999969482422,219.8699951171875,213.6699981689453,216.27000427246094,67443500.0,,,,,,,,,,,,,,,
2024-09-10,2024-09-10,AAPL,,,,,,,,,,,218.9199981689453,221.47999572753906,216.72999572753906,220.11000061035156,51591000.0,,,,,
2024-09-10,2024-09-10,GME,,,,,,24.770000457763672,24.799999237060547,23.1299991607666,23.450000762939453,19175500.0,,,,,,,,,,
2024-09-10,2024-09-10,NVDA,,,,,,,,,,,,,,,,107.80999755859375,109.4000015258789,104.94999694824219,108.0999984741211,268283700.0
2024-09-10,2024-09-10,TSLA,220.07000732421875,226.39999389648438,218.63999938964844,226.1699981689453,78891100.0,,,,,,,,,,,,,,,
2024-09-11,2024-09-11,AAPL,,,,,,,,,,,221.4600067138672,223.08999633789062,217.88999938964844,222.66000366210938,44587100.0,,,,,
2024-09-11,2024-09-11,GME,,,,,,20.81999969482422,21.09000015258789,19.309999465942383,20.639999389648438,28921500.0,,,,,,,,,,
2024-09-11,2024-09-11,NVDA,,,,,,,,,,,,,,,,109.38999938964844,117.19000244140625,107.41999816894531,116.91000366210938,441422400.0
2024-09-11,2024-09-11,TSLA,224.5500030517578,228.47000122070312,216.8000030517578,228.1300048828125,83548600.0,,,,,,,,,,,,,,,
2024-09-12,2024-09-12,AAPL,,,,,,,,,,,222.5,223.5500030517578,219.82000732421875,222.77000427246094,37498200.0,,,,,
2024-09-12,2024-09-12,GME,,,,,,20.469999313354492,20.709999084472656,19.989999771118164,20.399999618530273,9567500.0,,,,,,,,,,
2024-09-12,2024-09-12,NVDA,,,,,,,,,,,,,,,,116.83999633789062,120.79000091552734,115.37999725341797,119.13999938964844,367100500.0
2024-09-12,2024-09-12,TSLA,224.66000366210938,231.4499969482422,223.8300018310547,229.80999755859375,72020000.0,,,,,,,,,,,,,,,
2024-09-13,2024-09-13,AAPL,,,,,,,,,,,223.5800018310547,224.0399932861328,221.91000366210938,222.5,36766600.0,,,,,
2024-09-13,2024-09-13,GME,,,,,,20.489999771118164,20.920000076293945,20.34000015258789,20.649999618530273,8053700.0,,,,,,,,,,
2024-09-13,2024-09-13,NVDA,,,,,,,,,,,,,,,,119.08000183105469,119.95999908447266,117.5999984741211,119.0999984741211,238358300.0
2024-09-13,2024-09-13,TSLA,228.0,232.6699981689453,226.32000732421875,230.2899932861328,59515100.0,,,,,,,,,,,,,,,
2024-09-16,2024-09-16,AAPL,,,,,,,,,,,216.5399932861328,217.22000122070312,213.9199981689453,216.32000732421875,59357400.0,,,,,
2024-09-16,2024-09-16,GME,,,,,,20.450000762939453,20.520000457763672,19.920000076293945,20.09000015258789,5981200.0,,,,,,,,,,
2024-09-16,2024-09-16,NVDA,,,,,,,,,,,,,,,,116.79000091552734,118.18000030517578,114.36000061035156,116.77999877929688,248772300.0
2024-09-16,2024-09-16,TSLA,229.3000030517578,229.9600067138672,223.52999877929688,226.77999877929688,54323000.0,,,,,,,,,,,,,,,
2024-09-17,2024-09-17,AAPL,,,,,,,,,,,215.75,216.89999389648438,214.5,216.7899932861328,45519300.0,,,,,
2024-09-17,2024-09-17,GME,,,,,,20.239999771118164,20.559999465942383,19.920000076293945,20.15999984741211,6307600.0,,,,,,,,,,
2024-09-17,2024-09-17,NVDA,,,,,,,,,,,,,,,,118.16999816894531,118.80000305175781,114.83000183105469,115.58999633789062,231925900.0
2024-09-17,2024-09-17,TSLA,229.4499969482422,234.57000732421875,226.5500030517578,227.8699951171875,66761600.0,,,,,,,,,,,,,,,
2024-09-18,2024-09-18,AAPL,,,,,,,,,,,217.5500030517578,222.7100067138672,217.5399932861328,220.69000244140625,59894900.0,,,,,
2024-09-18,2024-09-18,GME,,,,,,20.049999237060547,20.260000228881836,19.420000076293945,19.649999618530273,10728200.0,,,,,,,,,,
2024-09-18,2024-09-18,NVDA,,,,,,,,,,,,,,,,115.88999938964844,117.69999694824219,113.22000122070312,113.37000274658203,310318900.0
2024-09-18,2024-09-18,TSLA,230.08999633789062,235.67999267578125,226.8800048828125,227.1999969482422,78010200.0,,,,,,,,,,,,,,,
2024-09-19,2024-09-19,AAPL,,,,,,,,,,,224.99000549316406,229.82000732421875,224.6300048828125,228.8699951171875,66781300.0,,,,,
2024-09-19,2024-09-19,GME,,,,,,19.889999389648438,20.030000686645508,19.469999313354492,19.510000228881836,8902600.0,,,,,,,,,,
2024-09-19,2024-09-19,NVDA,,,,,,,,,,,,,,,,117.3499984741211,119.66000366210938,117.25,117.87000274658203,293506400.0
2024-09-19,2024-09-19,TSLA,234.0,244.24000549316406,232.1300048828125,243.9199981689453,102694600.0,,,,,,,,,,,,,,,
2024-09-20,2024-09-20,AAPL,,,,,,,,,,,229.97000122070312,233.08999633789062,227.6199951171875,228.1999969482422,318679900.0,,,,,
2024-09-20,2024-09-20,GME,,,,,,19.6299991607666,22.030000686645508,19.479999542236328,21.850000381469727,61919200.0,,,,,,,,,,
2024-09-20,2024-09-20,NVDA,,,,,,,,,,,,,,,,117.05999755859375,118.62000274658203,115.38999938964844,116.0,382462400.0
2024-09-20,2024-09-20,TSLA,241.52000427246094,243.99000549316406,235.9199981689453,238.25,99879100.0,,,,,,,,,,,,,,,
2024-09-23,2024-09-23,AAPL,,,,,,,,,,,227.33999633789062,229.4499969482422,225.80999755859375,226.47000122070312,54146000.0,,,,,
2024-09-23,2024-09-23,GME,,,,,,21.540000915527344,22.559999465942383,21.229999542236328,22.309999465942383,13969500.0,,,,,,,,,,
2024-09-23,2024-09-23,NVDA,,,,,,,,,,,,,,,,116.55000305175781,116.98999786376953,114.86000061035156,116.26000213623047,206228500.0
2024-09-23,2024-09-23,TSLA,242.61000061035156,250.0,241.9199981689453,250.0,86927200.0,,,,,,,,,,,,,,,
2024-09-24,2024-09-24,AAPL,,,,,,,,,,,228.64999389648438,229.35000610351562,225.72999572753906,227.3699951171875,43556100.0,,,,,
2024-09-24,2024-09-24,GME,,,,,,22.610000610351562,22.719999313354492,21.540000915527344,22.6299991607666,12121400.0,,,,,,,,,,
2024-09-24,2024-09-24,NVDA,,,,,,,,,,,,,,,,116.5199966430664,121.80000305175781,115.37999725341797,120.87000274658203,354966800.0
2024-09-24,2024-09-24,TSLA,254.0800018310547,257.19000244140625,249.0500030517578,254.27000427246094,88491000.0,,,,,,,,,,,,,,,
2024-09-25,2024-09-25,AAPL,,,,,,,,,,,224.92999267578125,227.2899932861328,224.02000427246094,226.3699951171875,42308700.0,,,,,
2024-09-25,2024-09-25,GME,,,,,,22.15999984741211,22.829999923706055,22.06999969482422,22.18000030517578,6139700.0,,,,,,,,,,
2024-09-25,2024-09-25,NVDA,,,,,,,,,,,,,,,,122.0199966430664,124.94000244140625,121.61000061035156,123.51000213623047,284692900.0
2024-09-25,2024-09-25,TSLA,252.5399932861328,257.04998779296875,252.27999877929688,257.0199890136719,65034300.0,,,,,,,,,,,,,,,
2024-09-26,2024-09-26,AAPL,,,,,,,,,,,227.3000030517578,228.5,225.41000366210938,227.52000427246094,36636700.0,,,,,
2024-09-26,2024-09-26,GME,,,,,,22.399999618530273,22.639999389648438,21.8700008392334,22.290000915527344,5777500.0,,,,,,,,,,
2024-09-26,2024-09-26,NVDA,,,,,,,,,,,,,,,,126.80000305175781,127.66999816894531,121.80000305175781,124.04000091552734,302582900.0
2024-09-26,2024-09-26,TSLA,260.6000061035156,261.75,251.52999877929688,254.22000122070312,67142200.0,,,,,,,,,,,,,,,
2024-09-27,2024-09-27,AAPL,,,,,,,,,,,228.4600067138672,229.52000427246094,227.3000030517578,227.7899932861328,34026000.0,,,,,
2024-09-27,2024-09-27,GME,,,,,,22.389999389648438,23.100000381469727,21.969999313354492,22.479999542236328,7416500.0,,,,,,,,,,
2024-09-27,2024-09-27,NVDA,,,,,,,,,,,,,,,,123.97000122070312,124.02999877929688,119.26000213623047,121.4000015258789,271009200.0
2024-09-27,2024-09-27,TSLA,257.3800048828125,260.70001220703125,254.1199951171875,260.4599914550781,70988100.0,,,,,,,,,,,,,,,
2024-09-30,2024-09-30,AAPL,,,,,,,,,,,230.0399932861328,233.0,229.64999389648438,233.0,54541900.0,,,,,
2024-09-30,2024-09-30,GME,,,,,,22.299999237060547,23.639999389648438,22.170000076293945,22.93000030517578,10161700.0,,,,,,,,,,
2024-09-30,2024-09-30,NVDA,,,,,,,,,,,,,,,,118.30999755859375,121.5,118.1500015258789,121.44000244140625,226553700.0
2024-09-30,2024-09-30,TSLA,259.0400085449219,264.8599853515625,255.77000427246094,261.6300048828125,80705700.0,,,,,,,,,,,,,,,
2024-10-01,2024-10-01,AAPL,,,,,,,,,,,229.52000427246094,229.64999389648438,223.74000549316406,226.2100067138672,63285000.0,,,,,
2024-10-01,2024-10-01,GME,,,,,,22.950000762939453,23.1200008392334,21.809999465942383,21.969999313354492,7189200.0,,,,,,,,,,
2024-10-01,2024-10-01,NVDA,,,,,,,,,,,,,,,,121.7699966430664,122.44000244140625,115.79000091552734,117.0,302094500.0
2024-10-01,2024-10-01,TSLA,262.6700134277344,263.9800109863281,248.52999877929688,258.0199890136719,87397600.0,,,,,,,,,,,,,,,
2024-10-02,2024-10-02,AAPL,,,,,,,,,,,225.88999938964844,227.3699951171875,223.02000427246094,226.77999877929688,32880600.0,,,,,
2024-10-02,2024-10-02,GME,,,,,,21.860000610351562,22.299999237060547,21.40999984741211,21.489999771118164,5673100.0,,,,,,,,,,
2024-10-02,2024-10-02,NVDA,,,,,,,,,,,,,,,,116.44000244140625,119.37999725341797,115.13999938964844,118.8499984741211,221845900.0
2024-10-02,2024-10-02,TSLA,247.5500030517578,251.16000366210938,241.5,249.02000427246094,93983900.0,,,,,,,,,,,,,,,
2024-10-03,2024-10-03,AAPL,,,,,,,,,,,225.13999938964844,226.80999755859375,223.32000732421875,225.6699981689453,34044200.0,,,,,
2024-10-03,2024-10-03,GME,,,,,,21.360000610351562,21.790000915527344,21.110000610351562,21.200000762939453,4665800.0,,,,,,,,,,
2024-10-03,2024-10-03,NVDA,,,,,,,,,,,,,,,,120.91999816894531,124.36000061035156,120.33999633789062,122.8499984741211,277118000.0
2024-10-03,2024-10-03,TSLA,244.47999572753906,249.7899932861328,237.80999755859375,240.66000366210938,80729200.0,,,,,,,,,,,,,,,
2024-10-04,2024-10-04,AAPL,,,,,,,,,,,227.89999389648438,228.0,224.1300048828125,226.8000030517578,37245100.0,,,,,
2024-10-04,2024-10-04,GME,,,,,,21.479999542236328,21.969999313354492,21.290000915527344,21.399999618530273,5286200.0,,,,,,,,,,
2024-10-04,2024-10-04,NVDA,,,,,,,,,,,,,,,,124.94000244140625,125.04000091552734,121.83000183105469,124.91999816894531,243678100.0
2024-10-04,2024-10-04,TSLA,246.69000244140625,250.9600067138672,244.5800018310547,250.0800018310547,86573200.0,,,,,,,,,,,,,,,
2024-10-07,2024-10-07,AAPL,,,,,,,,,,,224.5,225.69000244140625,221.3300018310547,221.69000244140625,39505400.0,,,,,
2024-10-07,2024-10-07,GME,,,,,,21.350000381469727,21.530000686645508,20.809999465942383,20.899999618530273,5988000.0,,,,,,,,,,
2024-10-07,2024-10-07,NVDA,,,,,,,,,,,,,,,,124.98999786376953,130.63999938964844,124.94999694824219,127.72000122070312,346250200.0
2024-10-07,2024-10-07,TSLA,249.0,249.8300018310547,240.6999969482422,240.8300018310547,68113300.0,,,,,,,,,,,,,,,
2024-10-08,2024-10-08,AAPL,,,,,,,,,,,224.3000030517578,225.97999572753906,223.25,225.77000427246094,31855700.0,,,,,
2024-10-08,2024-10-08,GME,,,,,,20.899999618530273,21.270000457763672,20.530000686645508,20.709999084472656,4840500.0,,,,,,,,,,
2024-10-08,2024-10-08,NVDA,,,,,,,,,,,,,,,,130.25999450683594,133.47999572753906,129.4199981689453,132.88999938964844,285722500.0
2024-10-08,2024-10-08,TSLA,243.55999755859375,246.2100067138672,240.55999755859375,244.5,56303200.0,,,,,,,,,,,,,,,
2024-10-09,2024-10-09,AAPL,,,,,,,,,,,225.22999572753906,229.75,224.8300018310547,229.5399932861328,33591100.0,,,,,
2024-10-09,2024-10-09,GME,,,,,,20.5,20.739999771118164,20.299999237060547,20.5,3914000.0,,,,,,,,,,
2024-10-09,2024-10-09,NVDA,,,,,,,,,,,,,,,,134.11000061035156,134.52000427246094,131.3800048828125,132.64999389648438,246191600.0
2024-10-09,2024-10-09,TSLA,243.82000732421875,247.42999267578125,239.50999450683594,241.0500030517578,66289500.0,,,,,,,,,,,,,,,
2024-10-10,2024-10-10,AAPL,,,,,,,,,,,227.77999877929688,229.5,227.1699981689453,229.0399932861328,28183500.0,,,,,
2024-10-10,2024-10-10,GME,,,,,,20.469999313354492,21.049999237060547,20.3799991607666,20.90999984741211,4180800.0,,,,,,,,,,
2024-10-10,2024-10-10,NVDA,,,,,,,,,,,,,,,,131.91000366210938,135.0,131.0,134.80999755859375,242311300.0
2024-10-10,2024-10-10,TSLA,241.80999755859375,242.7899932861328,232.33999633789062,238.77000427246094,83087100.0,,,,,,,,,,,,,,,
2024-10-11,2024-10-11,AAPL,,,,,,,,,,,229.3000030517578,229.41000366210938,227.33999633789062,227.5500030517578,31759200.0,,,,,
2024-10-11,2024-10-11,GME,,,,,,20.65999984741211,21.219999313354492,20.65999984741211,20.829999923706055,3931600.0,,,,,,,,,,
2024-10-11,2024-10-11,NVDA,,,,,,,,,,,,,,,,134.00999450683594,135.77999877929688,133.66000366210938,134.8000030517578,170209500.0
2024-10-11,2024-10-11,TSLA,220.1300048828125,223.33999633789062,214.3800048828125,217.8000030517578,142628900.0,,,,,,,,,,,,,,,
2024-10-14,2024-10-14,AAPL,,,,,,,,,,,228.6999969482422,231.72999572753906,228.60000610351562,231.3000030517578,39882100.0,,,,,
2024-10-14,2024-10-14,GME,,,,,,20.75,21.670000076293945,20.459999084472656,21.329999923706055,6636600.0,,,,,,,,,,
2024-10-14,2024-10-14,NVDA,,,,,,,,,,,,,,,,136.47000122070312,139.60000610351562,136.3000030517578,138.07000732421875,232347700.0
2024-10-14,2024-10-14,TSLA,220.1300048828125,221.91000366210938,213.74000549316406,219.16000366210938,86291900.0,,,,,,,,,,,,,,,
2024-10-15,2024-10-15,AAPL,,,,,,,,,,,233.61000061035156,237.49000549316406,232.3699951171875,233.85000610351562,64751400.0,,,,,
2024-10-15,2024-10-15,GME,,,,,,21.450000762939453,21.68000030517578,20.979999542236328,21.270000457763672,4851900.0,,,,,,,,,,
2024-10-15,2024-10-15,NVDA,,,,,,,,,,,,,,,,137.8699951171875,138.57000732421875,128.74000549316406,131.60000610351562,377831000.0
2024-10-15,2024-10-15,TSLA,220.00999450683594,224.25999450683594,217.1199951171875,219.57000732421875,62988800.0,,,,,,,,,,,,,,,
2024-10-16,2024-10-16,AAPL,,,,,,,,,,,231.60000610351562,232.1199951171875,229.83999633789062,231.77999877929688,34082200.0,,,,,
2024-10-16,2024-10-16,GME,,,,,,21.1299991607666,21.75,21.030000686645508,21.65999984741211,4264600.0,,,,,,,,,,
2024-10-16,2024-10-16,NVDA,,,,,,,,,,,,,,,,133.97999572753906,136.6199951171875,131.5800018310547,135.72000122070312,264879700.0
2024-10-16,2024-10-16,TSLA,221.39999389648438,222.82000732421875,218.92999267578125,221.3300018310547,49632800.0,,,,,,,,,,,,,,,
2024-10-17,2024-10-17,AAPL,,,,,,,,,,,233.42999267578125,233.85000610351562,230.52000427246094,232.14999389648438,32993800.0,,,,,
2024-10-17,2024-10-17,GME,,,,,,21.5,21.65999984741211,21.229999542236328,21.40999984741211,3015300.0,,,,,,,,,,
2024-10-17,2024-10-17,NVDA,,,,,,,,,,,,,,,,139.33999633789062,140.88999938964844,136.8699951171875,136.92999267578125,306435900.0
2024-10-17,2024-10-17,TSLA,221.58999633789062,222.0800018310547,217.89999389648438,220.88999938964844,50791800.0,,,,,,,,,,,,,,,
2024-10-18,2024-10-18,AAPL,,,,,,,,,,,236.17999267578125,236.17999267578125,234.00999450683594,235.0,46431500.0,,,,,
2024-10-18,2024-10-18,GME,,,,,,21.40999984741211,21.610000610351562,20.979999542236328,21.219999313354492,5302200.0,,,,,,,,,,
2024-10-18,2024-10-18,NVDA,,,,,,,,,,,,,,,,138.6699981689453,138.89999389648438,137.27999877929688,138.0,176090200.0
2024-10-18,2024-10-18,TSLA,220.7100067138672,222.27999877929688,219.22999572753906,220.6999969482422,49611900.0,,,,,,,,,,,,,,,
2024-10-21,2024-10-21,AAPL,,,,,,,,,,,234.4499969482422,236.85000610351562,234.4499969482422,236.47999572753906,36254500.0,,,,,
2024-10-21,2024-10-21,GME,,,,,,21.100000381469727,21.219999313354492,20.65999984741211,20.700000762939453,3956500.0,,,,,,,,,,
2024-10-21,2024-10-21,NVDA,,,,,,,,,,,,,,,,138.1300048828125,143.7100067138672,138.0,143.7100067138672,264554500.0
2024-10-21,2024-10-21,TSLA,218.89999389648438,220.47999572753906,215.72999572753906,218.85000610351562,47329000.0,,,,,,,,,,,,,,,
2024-10-22,2024-10-22,AAPL,,,,,,,,,,,233.88999938964844,236.22000122070312,232.60000610351562,235.86000061035156,38846600.0,,,,,
2024-10-22,2024-10-22,GME,,,,,,20.6200008392334,20.940000534057617,20.43000030517578,20.93000030517578,3232300.0,,,,,,,,,,
2024-10-22,2024-10-22,NVDA,,,,,,,,,,,,,,,,142.91000366210938,144.4199981689453,141.77999877929688,143.58999633789062,226311600.0
2024-10-22,2024-10-22,TSLA,217.30999755859375,218.22000122070312,215.25999450683594,217.97000122070312,43268700.0,,,,,,,,,,,,,,,
2024-10-23,2024-10-23,AAPL,,,,,,,,,,,234.0800018310547,235.13999938964844,227.75999450683594,230.75999450683594,52287000.0,,,,,
2024-10-23,2024-10-23,GME,,,,,,20.729999542236328,20.979999542236328,20.350000381469727,20.540000915527344,2945000.0,,,,,,,,,,
2024-10-23,2024-10-23,NVDA,,,,,,,,,,,,,,,,142.02999877929688,142.42999267578125,137.4600067138672,139.55999755859375,285930000.0
2024-10-23,2024-10-23,TSLA,217.1300048828125,218.72000122070312,212.11000061035156,213.64999389648438,80938900.0,,,,,,,,,,,,,,,
2024-10-24,2024-10-24,AAPL,,,,,,,,,,,229.97999572753906,230.82000732421875,228.41000366210938,230.57000732421875,31109500.0,,,,,
2024-10-24,2024-10-24,GME,,,,,,20.6299991607666,20.84000015258789,20.479999542236328,20.6299991607666,2682300.0,,,,,,,,,,
2024-10-24,2024-10-24,NVDA,,,,,,,,,,,,,,,,140.82000732421875,141.35000610351562,138.4600067138672,140.41000366210938,172354900.0
2024-10-24,2024-10-24,TSLA,244.67999267578125,262.1199951171875,242.64999389648438,260.4800109863281,204491900.0,,,,,,,,,,,,,,,
2024-10-25,2024-10-25,AAPL,,,,,,,,,,,229.74000549316406,233.22000122070312,229.57000732421875,231.41000366210938,38802300.0,,,,,
2024-10-25,2024-10-25,GME,,,,,,20.649999618530273,21.43000030517578,20.540000915527344,20.56999969482422,5989000.0,,,,,,,,,,
2024-10-25,2024-10-25,NVDA,,,,,,,,,,,,,,,,140.92999267578125,144.1300048828125,140.8000030517578,141.5399932861328,205122100.0
2024-10-25,2024-10-25,TSLA,256.010009765625,269.489990234375,255.32000732421875,269.19000244140625,161611900.0,,,,,,,,,,,,,,,
2024-10-28,2024-10-28,AAPL,,,,,,,,,,,233.32000732421875,234.72999572753906,232.5500030517578,233.39999389648438,36087100.0,,,,,
2024-10-28,2024-10-28,GME,,,,,,20.84000015258789,22.770000457763672,20.729999542236328,22.729999542236328,13641200.0,,,,,,,,,,
2024-10-28,2024-10-28,NVDA,,,,,,,,,,,,,,,,143.0,143.13999938964844,140.0500030517578,140.52000427246094,173586700.0
2024-10-28,2024-10-28,TSLA,270.0,273.5400085449219,262.239990234375,262.510009765625,107653600.0,,,,,,,,,,,,,,,
2024-10-29,2024-10-29,AAPL,,,,,,,,,,,233.10000610351562,234.3300018310547,232.32000732421875,233.6699981689453,35417200.0,,,,,
2024-10-29,2024-10-29,GME,,,,,,22.700000762939453,23.200000762939453,22.09000015258789,22.68000030517578,10078100.0,,,,,,,,,,
2024-10-29,2024-10-29,NVDA,,,,,,,,,,,,,,,,140.2899932861328,142.25999450683594,138.89999389648438,141.25,157593600.0
2024-10-29,2024-10-29,TSLA,264.510009765625,264.9800109863281,255.50999450683594,259.5199890136719,80521800.0,,,,,,,,,,,,,,,
2024-10-30,2024-10-30,AAPL,,,,,,,,,,,232.61000061035156,233.47000122070312,229.5500030517578,230.10000610351562,47070900.0,,,,,
2024-10-30,2024-10-30,GME,,,,,,23.399999618530273,24.540000915527344,22.75,23.280000686645508,12383600.0,,,,,,,,,,
2024-10-30,2024-10-30,NVDA,,,,,,,,,,,,,,,,139.5399932861328,140.3300018310547,136.80999755859375,139.33999633789062,179418100.0
2024-10-30,2024-10-30,TSLA,258.0400085449219,263.3500061035156,255.82000732421875,257.54998779296875,53993600.0,,,,,,,,,,,,,,,
2024-10-31,2024-10-31,AAPL,,,,,,,,,,,229.33999633789062,229.8300018310547,225.3699951171875,225.91000366210938,64370100.0,,,,,
2024-10-31,2024-10-31,GME,,,,,,22.829999923706055,23.030000686645508,22.049999237060547,22.18000030517578,5594500.0,,,,,,,,,,
2024-10-31,2024-10-31,NVDA,,,,,,,,,,,,,,,,137.60000610351562,137.61000061035156,132.11000061035156,132.75999450683594,270039600.0
2024-10-31,2024-10-31,TSLA,257.989990234375,259.75,249.25,249.85000610351562,66575300.0,,,,,,,,,,,,,,,
2024-11-01,2024-11-01,AAPL,,,,,,,,,,,220.97000122070312,225.35000610351562,220.27000427246094,222.91000366210938,65276700.0,,,,,
2024-11-01,2024-11-01,GME,,,,,,22.399999618530273,23.049999237060547,22.079999923706055,22.40999984741211,4744500.0,,,,,,,,,,
2024-11-01,2024-11-01,NVDA,,,,,,,,,,,,,,,,134.6999969482422,137.30999755859375,134.57000732421875,135.39999389648438,207127800.0
2024-11-01,2024-11-01,TSLA,252.0399932861328,254.0,246.6300048828125,248.97999572753906,57544800.0,,,,,,,,,,,,,,,
2024-11-04,2024-11-04,AAPL,,,,,,,,,,,220.99000549316406,222.7899932861328,219.7100067138672,222.00999450683594,44944500.0,,,,,
2024-11-04,2024-11-04,GME,,,,,,22.200000762939453,22.649999618530273,21.8799991607666,22.329999923706055,4300200.0,,,,,,,,,,
2024-11-04,2024-11-04,NVDA,,,,,,,,,,,,,,,,137.2100067138672,138.9600067138672,135.57000732421875,136.0500030517578,187528200.0
2024-11-04,2024-11-04,TSLA,244.55999755859375,248.89999389648438,238.8800048828125,242.83999633789062,68802400.0,,,,,,,,,,,,,,,
2024-11-05,2024-11-05,AAPL,,,,,,,,,,,221.8000030517578,223.9499969482422,221.13999938964844,223.4499969482422,28111300.0,,,,,
2024-11-05,2024-11-05,GME,,,,,,22.31999969482422,23.200000762939453,22.270000457763672,22.989999771118164,5858400.0,,,,,,,,,,
2024-11-05,2024-11-05,NVDA,,,,,,,,,,,,,,,,137.4499969482422,140.3699951171875,137.3300018310547,139.91000366210938,160537400.0
2024-11-05,2024-11-05,TSLA,247.33999633789062,255.27999877929688,246.2100067138672,251.44000244140625,69282500.0,,,,,,,,,,,,,,,
2024-11-06,2024-11-06,AAPL,,,,,,,,,,,222.61000061035156,226.07000732421875,221.19000244140625,222.72000122070312,54561100.0,,,,,
2024-11-06,2024-11-06,GME,,,,,,23.309999465942383,23.81999969482422,22.899999618530273,23.100000381469727,6648000.0,,,,,,,,,,
2024-11-06,2024-11-06,NVDA,,,,,,,,,,,,,,,,142.9600067138672,146.49000549316406,141.9600067138672,145.61000061035156,242043900.0
2024-11-06,2024-11-06,TSLA,284.6700134277344,289.5899963378906,275.6199951171875,288.5299987792969,165228700.0,,,,,,,,,,,,,,,
2024-11-07,2024-11-07,AAPL,,,,,,,,,,,224.6300048828125,227.8800048828125,224.57000732421875,227.47999572753906,42137700.0,,,,,
2024-11-07,2024-11-07,GME,,,,,,23.06999969482422,23.65999984741211,22.809999465942383,23.450000762939453,5554400.0,,,,,,,,,,
2024-11-07,2024-11-07,NVDA,,,,,,,,,,,,,,,,146.38999938964844,148.92999267578125,146.1699981689453,148.8800048828125,207323300.0
2024-11-07,2024-11-07,TSLA,288.8900146484375,299.75,285.5199890136719,296.9100036621094,117309200.0,,,,,,,,,,,,,,,
2024-11-08,2024-11-08,AAPL,,,,,,,,,,,227.1699981689453,228.66000366210938,226.41000366210938,226.9600067138672,38328800.0,,,,,
2024-11-08,2024-11-08,GME,,,,,,23.440000534057617,25.389999389648438,23.239999771118164,24.8799991607666,15908600.0,,,,,,,,,,
2024-11-08,2024-11-08,NVDA,,,,,,,,,,,,,,,,148.77000427246094,149.77000427246094,146.25999450683594,147.6300048828125,175665800.0
2024-11-08,2024-11-08,TSLA,299.1400146484375,328.7099914550781,297.6600036621094,321.2200012207031,204782800.0,,,,,,,,,,,,,,,
2024-11-11,2024-11-11,AAPL,,,,,,,,,,,225.0,225.6999969482422,221.5,224.22999572753906,42005600.0,,,,,
2024-11-11,2024-11-11,GME,,,,,,25.260000228881836,28.049999237060547,24.6299991607666,27.260000228881836,26633000.0,,,,,,,,,,
2024-11-11,2024-11-11,NVDA,,,,,,,,,,,,,,,,148.67999267578125,148.85000610351562,143.57000732421875,145.25999450683594,182325600.0
2024-11-11,2024-11-11,TSLA,346.29998779296875,358.6400146484375,336.0,350.0,210521600.0,,,,,,,,,,,,,,,
2024-11-12,2024-11-12,AAPL,,,,,,,,,,,224.5500030517578,225.58999633789062,223.36000061035156,224.22999572753906,40398300.0,,,,,
2024-11-12,2024-11-12,GME,,,,,,26.059999465942383,27.100000381469727,24.950000762939453,26.84000015258789,18972700.0,,,,,,,,,,
2024-11-12,2024-11-12,NVDA,,,,,,,,,,,,,,,,146.77999877929688,149.64999389648438,146.00999450683594,148.2899932861328,198634700.0
2024-11-12,2024-11-12,TSLA,342.739990234375,345.8399963378906,323.30999755859375,328.489990234375,155726000.0,,,,,,,,,,,,,,,
2024-11-13,2024-11-13,AAPL,,,,,,,,,,,224.00999450683594,226.64999389648438,222.75999450683594,225.1199951171875,48566200.0,,,,,
2024-11-13,2024-11-13,GME,,,,,,26.260000228881836,28.219999313354492,26.219999313354492,26.459999084472656,18490300.0,,,,,,,,,,
2024-11-13,2024-11-13,NVDA,,,,,,,,,,,,,,,,149.07000732421875,149.3300018310547,145.89999389648438,146.27000427246094,191903300.0
2024-11-13,2024-11-13,TSLA,335.8500061035156,344.6000061035156,322.5,330.239990234375,125405600.0,,,,,,,,,,,,,,,
2024-11-14,2024-11-14,AAPL,,,,,,,,,,,225.02000427246094,228.8699951171875,225.0,228.22000122070312,44923900.0,,,,,
2024-11-14,2024-11-14,GME,,,,,,27.170000076293945,28.280000686645508,26.719999313354492,27.3700008392334,16502000.0,,,,,,,,,,
2024-11-14,2024-11-14,NVDA,,,,,,,,,,,,,,,,147.63999938964844,149.0,145.5500030517578,146.75999450683594,194463300.0
2024-11-14,2024-11-14,TSLA,327.69000244140625,329.9800109863281,310.3699951171875,311.17999267578125,120726100.0,,,,,,,,,,,,,,,
2024-11-15,2024-11-15,AAPL,,,,,,,,,,,226.39999389648438,226.9199981689453,224.27000427246094,225.0,47923700.0,,,,,
2024-11-15,2024-11-15,GME,,,,,,28.079999923706055,28.59000015258789,26.31999969482422,26.59000015258789,16451800.0,,,,,,,,,,
2024-11-15,2024-11-15,NVDA,,,,,,,,,,,,,,,,144.8699951171875,145.24000549316406,140.0800018310547,141.97999572753906,250132900.0
2024-11-15,2024-11-15,TSLA,310.57000732421875,324.67999267578125,309.2200012207031,320.7200012207031,114440300.0,,,,,,,,,,,,,,,
2024-11-18,2024-11-18,AAPL,,,,,,,,,,,225.25,229.74000549316406,225.1699981689453,228.02000427246094,44686000.0,,,,,
2024-11-18,2024-11-18,GME,,,,,,26.649999618530273,27.15999984741211,25.850000381469727,26.440000534057617,8541600.0,,,,,,,,,,
2024-11-18,2024-11-18,NVDA,,,,,,,,,,,,,,,,139.5,141.5500030517578,137.14999389648438,140.14999389648438,221866000.0
2024-11-18,2024-11-18,TSLA,340.7300109863281,348.54998779296875,330.010009765625,338.739990234375,126547500.0,,,,,,,,,,,,,,,
2024-11-19,2024-11-19,AAPL,,,,,,,,,,,226.97999572753906,230.16000366210938,226.66000366210938,228.27999877929688,36211800.0,,,,,
2024-11-19,2024-11-19,GME,,,,,,25.889999389648438,27.600000381469727,25.709999084472656,27.56999969482422,8698600.0,,,,,,,,,,
2024-11-19,2024-11-19,NVDA,,,,,,,,,,,,,,,,141.32000732421875,147.1300048828125,140.99000549316406,147.00999450683594,227834900.0
2024-11-19,2024-11-19,TSLA,335.760009765625,347.3800048828125,332.75,346.0,88852500.0,,,,,,,,,,,,,,,
2024-11-20,2024-11-20,AAPL,,,,,,,,,,,228.05999755859375,229.92999267578125,225.88999938964844,229.0,35169600.0,,,,,
2024-11-20,2024-11-20,GME,,,,,,27.260000228881836,29.799999237060547,27.260000228881836,28.450000762939453,22089700.0,,,,,,,,,,
2024-11-20,2024-11-20,NVDA,,,,,,,,,,,,,,,,147.41000366210938,147.55999755859375,142.72999572753906,145.88999938964844,309871700.0
2024-11-20,2024-11-20,TSLA,345.0,346.6000061035156,334.29998779296875,342.0299987792969,66340700.0,,,,,,,,,,,,,,,
2024-11-21,2024-11-21,AAPL,,,,,,,,,,,228.8800048828125,230.16000366210938,225.7100067138672,228.52000427246094,42108300.0,,,,,
2024-11-21,2024-11-21,GME,,,,,,29.09000015258789,29.170000076293945,27.18000030517578,27.81999969482422,10587200.0,,,,,,,,,,
2024-11-21,2024-11-21,NVDA,,,,,,,,,,,,,,,,149.35000610351562,152.88999938964844,140.6999969482422,146.6699981689453,400946600.0
2024-11-21,2024-11-21,TSLA,343.80999755859375,347.989990234375,335.2799987792969,339.6400146484375,58011700.0,,,,,,,,,,,,,,,
2024-11-22,2024-11-22,AAPL,,,,,,,,,,,228.05999755859375,230.72000122070312,228.05999755859375,229.8699951171875,38168300.0,,,,,
2024-11-22,2024-11-22,GME,,,,,,27.8799991607666,28.459999084472656,27.420000076293945,27.899999618530273,7975700.0,,,,,,,,,,
2024-11-22,2024-11-22,NVDA,,,,,,,,,,,,,,,,145.92999267578125,147.16000366210938,141.10000610351562,141.9499969482422,236406200.0
2024-11-22,2024-11-22,TSLA,341.0899963378906,361.5299987792969,337.70001220703125,352.55999755859375,89140700.0,,,,,,,,,,,,,,,
2024-11-25,2024-11-25,AAPL,,,,,,,,,,,231.4600067138672,233.25,229.74000549316406,232.8699951171875,90152800.0,,,,,
2024-11-25,2024-11-25,GME,,,,,,28.049999237060547,29.770000457763672,27.959999084472656,29.670000076293945,13090400.0,,,,,,,,,,
2024-11-25,2024-11-25,NVDA,,,,,,,,,,,,,,,,141.99000549316406,142.0500030517578,135.82000732421875,136.02000427246094,344941900.0
2024-11-25,2024-11-25,TSLA,360.1400146484375,361.92999267578125,338.20001220703125,338.5899963378906,95890900.0,,,,,,,,,,,,,,,
2024-11-26,2024-11-26,AAPL,,,,,,,,,,,233.3300018310547,235.57000732421875,233.3300018310547,235.05999755859375,45986200.0,,,,,
2024-11-26,2024-11-26,GME,,,,,,29.399999618530273,32.119998931884766,28.780000686645508,30.329999923706055,24657300.0,,,,,,,,,,
2024-11-26,2024-11-26,NVDA,,,,,,,,,,,,,,,,137.6999969482422,139.3000030517578,135.6699981689453,136.9199981689453,190287700.0
2024-11-26,2024-11-26,TSLA,341.0,346.9599914550781,335.6600036621094,338.2300109863281,62295900.0,,,,,,,,,,,,,,,
2024-11-27,2024-11-27,AAPL,,,,,,,,,,,234.47000122070312,235.69000244140625,233.80999755859375,234.92999267578125,33498400.0,,,,,
2024-11-27,2024-11-27,GME,,,,,,30.799999237060547,31.549999237060547,30.510000228881836,30.889999389648438,12895100.0,,,,,,,,,,
2024-11-27,2024-11-27,NVDA,,,,,,,,,,,,,,,,135.00999450683594,137.22000122070312,131.8000030517578,135.33999633789062,226370900.0
2024-11-27,2024-11-27,TSLA,341.79998779296875,342.54998779296875,326.5899963378906,332.8900146484375,57896400.0,,,,,,,,,,,,,,,
2024-11-29,2024-11-29,AAPL,,,,,,,,,,,234.80999755859375,237.80999755859375,233.97000122070312,237.3300018310547,28481400.0,,,,,
2024-11-29,2024-11-29,GME,,,,,,31.010000228881836,31.079999923706055,28.850000381469727,29.049999237060547,10473700.0,,,,,,,,,,
2024-11-29,2024-11-29,NVDA,,,,,,,,,,,,,,,,136.77999877929688,139.35000610351562,136.0500030517578,138.25,141863200.0
2024-11-29,2024-11-29,TSLA,336.0799865722656,345.45001220703125,334.6499938964844,345.1600036621094,37167600.0,,,,,,,,,,,,,,,
2024-12-02,2024-12-02,AAPL,,,,,,,,,,,237.27000427246094,240.7899932861328,237.16000366210938,239.58999633789062,48137100.0,,,,,
2024-12-02,2024-12-02,GME,,,,,,28.959999084472656,29.3700008392334,26.75,27.270000457763672,13576600.0,,,,,,,,,,
2024-12-02,2024-12-02,NVDA,,,,,,,,,,,,,,,,138.8300018310547,140.4499969482422,137.82000732421875,138.6300048828125,171682800.0
2024-12-02,2024-12-02,TSLA,352.3800048828125,360.0,351.1499938964844,357.0899963378906,77986500.0,,,,,,,,,,,,,,,
2024-12-03,2024-12-03,AAPL,,,,,,,,,,,239.80999755859375,242.75999450683594,238.89999389648438,242.64999389648438,38861000.0,,,,,
2024-12-03,2024-12-03,GME,,,,,,26.549999237060547,27.59000015258789,26.489999771118164,27.440000534057617,6009900.0,,,,,,,,,,
2024-12-03,2024-12-03,NVDA,,,,,,,,,,,,,,,,138.25999450683594,140.5399932861328,137.9499969482422,140.25999450683594,164414000.0
2024-12-03,2024-12-03,TSLA,351.79998779296875,355.69000244140625,348.20001220703125,351.4200134277344,58267200.0,,,,,,,,,,,,,,,
2024-12-04,2024-12-04,AAPL,,,,,,,,,,,242.8699951171875,244.11000061035156,241.25,243.00999450683594,44383900.0,,,,,
2024-12-04,2024-12-04,GME,,,,,,27.06999969482422,27.829999923706055,26.6299991607666,27.030000686645508,6387500.0,,,,,,,,,,
2024-12-04,2024-12-04,NVDA,,,,,,,,,,,,,,,,142.0,145.7899932861328,140.2899932861328,145.13999938964844,231224300.0
2024-12-04,2024-12-04,TSLA,353.0,358.1000061035156,348.6000061035156,357.92999267578125,50810900.0,,,,,,,,,,,,,,,
2024-12-05,2024-12-05,AAPL,,,,,,,,,,,243.99000549316406,244.5399932861328,242.1300048828125,243.0399932861328,40033900.0,,,,,
2024-12-05,2024-12-05,GME,,,,,,27.0,30.8700008392334,26.149999618530273,28.6299991607666,40704900.0,,,,,,,,,,
2024-12-05,2024-12-05,NVDA,,,,,,,,,,,,,,,,145.11000061035156,146.5399932861328,143.9499969482422,145.05999755859375,172621200.0
2024-12-05,2024-12-05,TSLA,359.8699951171875,375.42999267578125,359.5,369.489990234375,81403600.0,,,,,,,,,,,,,,,
2024-12-06,2024-12-06,AAPL,,,,,,,,,,,242.91000366210938,244.6300048828125,242.0800018310547,242.83999633789062,36870600.0,,,,,
2024-12-06,2024-12-06,GME,,,,,,29.1200008392334,29.350000381469727,28.110000610351562,29.059999465942383,15161400.0,,,,,,,,,,
2024-12-06,2024-12-06,NVDA,,,,,,,,,,,,,,,,144.60000610351562,145.6999969482422,141.30999755859375,142.44000244140625,188505600.0
2024-12-06,2024-12-06,TSLA,377.4200134277344,389.489990234375,370.79998779296875,389.2200012207031,81455800.0,,,,,,,,,,,,,,,
2024-12-09,2024-12-09,AAPL,,,,,,,,,,,241.8300018310547,247.24000549316406,241.75,246.75,44649200.0,,,,,
2024-12-09,2024-12-09,GME,,,,,,29.0,29.860000610351562,27.739999771118164,27.93000030517578,11495400.0,,,,,,,,,,
2024-12-09,2024-12-09,NVDA,,,,,,,,,,,,,,,,138.97000122070312,139.9499969482422,137.1300048828125,138.80999755859375,189308600.0
2024-12-09,2024-12-09,TSLA,397.6099853515625,404.79998779296875,378.010009765625,389.7900085449219,96359200.0,,,,,,,,,,,,,,,
2024-12-10,2024-12-10,AAPL,,,,,,,,,,,246.88999938964844,248.2100067138672,245.33999633789062,247.77000427246094,36914800.0,,,,,
2024-12-10,2024-12-10,GME,,,,,,27.8799991607666,28.389999389648438,26.850000381469727,26.93000030517578,18209400.0,,,,,,,,,,
2024-12-10,2024-12-10,NVDA,,,,,,,,,,,,,,,,139.00999450683594,141.82000732421875,133.7899932861328,135.07000732421875,210020900.0
2024-12-10,2024-12-10,TSLA,392.67999267578125,409.7300109863281,390.8500061035156,400.989990234375,97563600.0,,,,,,,,,,,,,,,
2024-12-11,2024-12-11,AAPL,,,,,,,,,,,247.9600067138672,250.8000030517578,246.25999450683594,246.49000549316406,45205800.0,,,,,
2024-12-11,2024-12-11,GME,,,,,,27.75,30.15999984741211,27.510000228881836,28.969999313354492,20485000.0,,,,,,,,,,
2024-12-11,2024-12-11,NVDA,,,,,,,,,,,,,,,,137.36000061035156,140.1699981689453,135.2100067138672,139.30999755859375,184905200.0
2024-12-11,2024-12-11,TSLA,409.70001220703125,424.8800048828125,402.3800048828125,424.7699890136719,104287600.0,,,,,,,,,,,,,,,
2024-12-12,2024-12-12,AAPL,,,,,,,,,,,246.88999938964844,248.74000549316406,245.67999267578125,247.9600067138672,32777500.0,,,,,
2024-12-12,2024-12-12,GME,,,,,,28.899999618530273,29.65999984741211,28.579999923706055,28.75,8855700.0,,,,,,,,,,
2024-12-12,2024-12-12,NVDA,,,,,,,,,,,,,,,,137.0800018310547,138.44000244140625,135.8000030517578,137.33999633789062,159211400.0
2024-12-12,2024-12-12,TSLA,424.8399963378906,429.29998779296875,415.0,418.1000061035156,87752200.0,,,,,,,,,,,,,,,
2024-12-13,2024-12-13,AAPL,,,,,,,,,,,247.82000732421875,249.2899932861328,246.24000549316406,248.1300048828125,33155300.0,,,,,
2024-12-13,2024-12-13,GME,,,,,,28.700000762939453,28.860000610351562,27.920000076293945,27.989999771118164,6581600.0,,,,,,,,,,
2024-12-13,2024-12-13,NVDA,,,,,,,,,,,,,,,,138.94000244140625,139.60000610351562,132.5399932861328,134.25,231514900.0
2024-12-13,2024-12-13,TSLA,420.0,436.29998779296875,415.7099914550781,436.2300109863281,89000200.0,,,,,,,,,,,,,,,
2024-12-16,2024-12-16,AAPL,,,,,,,,,,,247.99000549316406,251.3800048828125,247.64999389648438,251.0399932861328,51694800.0,,,,,
2024-12-16,2024-12-16,GME,,,,,,27.700000762939453,29.59000015258789,27.270000457763672,29.440000534057617,8700000.0,,,,,,,,,,
2024-12-16,2024-12-16,NVDA,,,,,,,,,,,,,,,,134.17999267578125,134.39999389648438,130.4199981689453,132.0,237951100.0
2024-12-16,2024-12-16,TSLA,441.0899963378906,463.19000244140625,436.1499938964844,463.0199890136719,114083800.0,,,,,,,,,,,,,,,
2024-12-17,2024-12-17,AAPL,,,,,,,,,,,250.0800018310547,253.8300018310547,249.77999877929688,253.47999572753906,51356400.0,,,,,
2024-12-17,2024-12-17,GME,,,,,,29.639999389648438,31.8799991607666,29.639999389648438,31.260000228881836,19948100.0,,,,,,,,,,
2024-12-17,2024-12-17,NVDA,,,,,,,,,,,,,,,,129.08999633789062,131.58999633789062,126.86000061035156,130.38999938964844,259410300.0
2024-12-17,2024-12-17,TSLA,475.8999938964844,483.989990234375,457.510009765625,479.8599853515625,131223000.0,,,,,,,,,,,,,,,
2024-12-18,2024-12-18,AAPL,,,,,,,,,,,252.16000366210938,254.27999877929688,247.74000549316406,248.0500030517578,56774100.0,,,,,
2024-12-18,2024-12-18,GME,,,,,,31.100000381469727,31.700000762939453,28.34000015258789,28.549999237060547,13947300.0,,,,,,,,,,
2024-12-18,2024-12-18,NVDA,,,,,,,,,,,,,,,,133.86000061035156,136.6999969482422,128.27999877929688,128.91000366210938,277444500.0
2024-12-18,2024-12-18,TSLA,466.5,488.5400085449219,427.010009765625,440.1300048828125,149340800.0,,,,,,,,,,,,,,,
2024-12-19,2024-12-19,AAPL,,,,,,,,,,,247.5,252.0,247.08999633789062,249.7899932861328,60882300.0,,,,,
2024-12-19,2024-12-19,GME,,,,,,29.15999984741211,30.600000381469727,28.81999969482422,29.0,10338200.0,,,,,,,,,,
2024-12-19,2024-12-19,NVDA,,,,,,,,,,,,,,,,131.75999450683594,134.02999877929688,129.5500030517578,130.67999267578125,209719200.0
2024-12-19,2024-12-19,TSLA,451.8800048828125,456.3599853515625,420.0199890136719,436.1700134277344,118566100.0,,,,,,,,,,,,,,,
2024-12-20,2024-12-20,AAPL,,,,,,,,,,,248.0399932861328,255.0,245.69000244140625,254.49000549316406,147495300.0,,,,,
2024-12-20,2024-12-20,GME,,,,,,28.540000915527344,30.520000457763672,28.309999465942383,29.81999969482422,19606700.0,,,,,,,,,,
2024-12-20,2024-12-20,NVDA,,,,,,,,,,,,,,,,129.80999755859375,135.27999877929688,128.22000122070312,134.6999969482422,306528600.0
2024-12-20,2024-12-20,TSLA,425.510009765625,447.0799865722656,417.6400146484375,421.05999755859375,132216200.0,,,,,,,,,,,,,,,
2024-12-23,2024-12-23,AAPL,,,,,,,,,,,254.77000427246094,255.64999389648438,253.4499969482422,255.27000427246094,40858800.0,,,,,
2024-12-23,2024-12-23,GME,,,,,,29.81999969482422,31.110000610351562,29.780000686645508,30.899999618530273,8226500.0,,,,,,,,,,
2024-12-23,2024-12-23,NVDA,,,,,,,,,,,,,,,,136.27999877929688,139.7899932861328,135.1199951171875,139.6699981689453,176053500.0
2024-12-23,2024-12-23,TSLA,431.0,434.510009765625,415.4100036621094,430.6000061035156,72698100.0,,,,,,,,,,,,,,,
2024-12-24,2024-12-24,AAPL,,,,,,,,,,,255.49000549316406,258.2099914550781,255.2899932861328,258.20001220703125,23234700.0,,,,,
2024-12-24,2024-12-24,GME,,,,,,31.0,31.59000015258789,30.579999923706055,31.139999389648438,5523500.0,,,,,,,,,,
2024-12-24,2024-12-24,NVDA,,,,,,,,,,,,,,,,140.0,141.89999389648438,138.64999389648438,140.22000122070312,105157000.0
2024-12-24,2024-12-24,TSLA,435.8999938964844,462.7799987792969,435.1400146484375,462.2799987792969,59551800.0,,,,,,,,,,,,,,,
2024-12-26,2024-12-26,AAPL,,,,,,,,,,,258.19000244140625,260.1000061035156,257.6300048828125,259.0199890136719,27237100.0,,,,,
2024-12-26,2024-12-26,GME,,,,,,32.619998931884766,34.369998931884766,31.600000381469727,32.9900016784668,20432900.0,,,,,,,,,,
2024-12-26,2024-12-26,NVDA,,,,,,,,,,,,,,,,139.6999969482422,140.85000610351562,137.72999572753906,139.92999267578125,116205600.0
2024-12-26,2024-12-26,TSLA,465.1600036621094,465.3299865722656,451.0199890136719,454.1300048828125,76366400.0,,,,,,,,,,,,,,,
2024-12-27,2024-12-27,AAPL,,,,,,,,,,,257.8299865722656,258.70001220703125,253.05999755859375,255.58999633789062,42355300.0,,,,,
2024-12-27,2024-12-27,GME,,,,,,32.38999938964844,33.04999923706055,30.729999542236328,32.20000076293945,10141700.0,,,,,,,,,,
2024-12-27,2024-12-27,NVDA,,,,,,,,,,,,,,,,138.5500030517578,139.02000427246094,134.7100067138672,137.00999450683594,170582600.0
2024-12-27,2024-12-27,TSLA,449.5199890136719,450.0,426.5,431.6600036621094,82666800.0,,,,,,,,,,,,,,,
2024-12-30,2024-12-30,AAPL,,,,,,,,,,,252.22999572753906,253.5,250.75,252.1999969482422,35557500.0,,,,,
2024-12-30,2024-12-30,GME,,,,,,31.799999237060547,32.880001068115234,31.610000610351562,32.0099983215332,9593100.0,,,,,,,,,,
2024-12-30,2024-12-30,NVDA,,,,,,,,,,,,,,,,134.8300018310547,140.27000427246094,134.02000427246094,137.49000549316406,167734700.0
2024-12-30,2024-12-30,TSLA,419.3999938964844,427.0,415.75,417.4100036621094,64941000.0,,,,,,,,,,,,,,,
2024-12-31,2024-12-31,AAPL,,,,,,,,,,,252.44000244140625,253.27999877929688,249.42999267578125,250.4199981689453,39480700.0,,,,,
2024-12-31,2024-12-31,GME,,,,,,32.060001373291016,32.439998626708984,31.100000381469727,31.34000015258789,7395300.0,,,,,,,,,,
2024-12-31,2024-12-31,NVDA,,,,,,,,,,,,,,,,138.02999877929688,138.07000732421875,133.8300018310547,134.2899932861328,155659200.0
2024-12-31,2024-12-31,TSLA,423.7900085449219,427.92999267578125,402.5400085449219,403.8399963378906,76825100.0,,,,,,,,,,,,,,,
2025-01-02,2025-01-02,AAPL,,,,,,,,,,,248.92999267578125,249.10000610351562,241.82000732421875,243.85000610351562,55740700.0,,,,,
2025-01-02,2025-01-02,GME,,,,,,31.84000015258789,32.04999923706055,30.3700008392334,30.65999984741211,7979700.0,,,,,,,,,,
2025-01-02,2025-01-02,NVDA,,,,,,,,,,,,,,,,136.0,138.8800048828125,134.6300048828125,138.30999755859375,198247200.0
2025-01-02,2025-01-02,TSLA,390.1000061035156,392.7300109863281,373.0400085449219,379.2799987792969,109710700.0,,,,,,,,,,,,,,,
2025-01-03,2025-01-03,AAPL,,,,,,,,,,,243.36000061035156,244.17999267578125,241.88999938964844,243.36000061035156,40244100.0,,,,,
2025-01-03,2025-01-03,GME,,,,,,30.799999237060547,32.13999938964844,30.56999969482422,31.649999618530273,7461800.0,,,,,,,,,,
2025-01-03,2025-01-03,NVDA,,,,,,,,,,,,,,,,140.00999450683594,144.89999389648438,139.72999572753906,144.47000122070312,229322500.0
2025-01-03,2025-01-03,TSLA,381.4800109863281,411.8800048828125,379.45001220703125,410.44000244140625,95423300.0,,,,,,,,,,,,,,,
2025-01-06,2025-01-06,AAPL,,,,,,,,,,,244.30999755859375,247.3300018310547,243.1999969482422,245.0,45045600.0,,,,,
2025-01-06,2025-01-06,GME,,,,,,31.700000762939453,33.4900016784668,30.760000228881836,32.81999969482422,12609400.0,,,,,,,,,,
2025-01-06,2025-01-06,NVDA,,,,,,,,,,,,,,,,148.58999633789062,152.16000366210938,147.82000732421875,149.42999267578125,265377400.0
2025-01-06,2025-01-06,TSLA,423.20001220703125,426.42999267578125,401.70001220703125,411.04998779296875,85516500.0,,,,,,,,,,,,,,,
2025-01-07,2025-01-07,AAPL,,,,,,,,,,,242.97999572753906,245.5500030517578,241.35000610351562,242.2100067138672,40856000.0,,,,,
2025-01-07,2025-01-07,GME,,,,,,32.79999923706055,34.400001525878906,31.709999084472656,33.369998931884766,13360700.0,,,,,,,,,,
2025-01-07,2025-01-07,NVDA,,,,,,,,,,,,,,,,153.02999877929688,153.1300048828125,140.00999450683594,140.13999938964844,351782200.0
2025-01-07,2025-01-07,TSLA,405.8299865722656,414.3299865722656,390.0,394.3599853515625,75699500.0,,,,,,,,,,,,,,,
2025-01-08,2025-01-08,AAPL,,,,,,,,,,,241.9199981689453,243.7100067138672,240.0500030517578,242.6999969482422,37628900.0,,,,,
2025-01-08,2025-01-08,GME,,,,,,32.970001220703125,33.369998931884766,32.40999984741211,32.959999084472656,6320000.0,,,,,,,,,,
2025-01-08,2025-01-08,NVDA,,,,,,,,,,,,,,,,142.5800018310547,143.9499969482422,137.55999755859375,140.11000061035156,227349900.0
2025-01-08,2025-01-08,TSLA,392.95001220703125,402.5,387.3999938964844,394.94000244140625,73038800.0,,,,,,,,,,,,,,,
2025-01-10,2025-01-10,AAPL,,,,,,,,,,,240.00999450683594,240.16000366210938,233.0,236.85000610351562,61710900.0,,,,,
2025-01-10,2025-01-10,GME,,,,,,32.5,32.939998626708984,31.399999618530273,32.310001373291016,7068200.0,,,,,,,,,,
2025-01-10,2025-01-10,NVDA,,,,,,,,,,,,,,,,137.4499969482422,139.9199981689453,134.22000122070312,135.91000366210938,207602500.0
2025-01-10,2025-01-10,TSLA,391.3999938964844,399.2799987792969,377.2900085449219,394.739990234375,62287300.0,,,,,,,,,,,,,,,
2025-01-13,2025-01-13,AAPL,,,,,,,,,,,233.52999877929688,234.6699981689453,229.72000122070312,234.39999389648438,49630700.0,,,,,
2025-01-13,2025-01-13,GME,,,,,,31.600000381469727,31.799999237060547,30.899999618530273,31.020000457763672,5567000.0,,,,,,,,,,
2025-01-13,2025-01-13,NVDA,,,,,,,,,,,,,,,,129.99000549316406,133.49000549316406,129.50999450683594,133.22999572753906,204808900.0
2025-01-13,2025-01-13,TSLA,383.2099914550781,403.7900085449219,380.07000732421875,403.30999755859375,67580500.0,,,,,,,,,,,,,,,
2025-01-14,2025-01-14,AAPL,,,,,,,,,,,234.75,236.1199951171875,232.47000122070312,233.27999877929688,39435300.0,,,,,
2025-01-14,2025-01-14,GME,,,,,,31.260000228881836,31.68000030517578,27.559999465942383,27.8799991607666,11796600.0,,,,,,,,,,
2025-01-14,2025-01-14,NVDA,,,,,,,,,,,,,,,,136.0500030517578,136.3800048828125,130.0500030517578,131.75999450683594,195590500.0
2025-01-14,2025-01-14,TSLA,414.3399963378906,422.6400146484375,394.5400085449219,396.3599853515625,84565000.0,,,,,,,,,,,,,,,
2025-01-15,2025-01-15,AAPL,,,,,,,,,,,234.63999938964844,238.9600067138672,234.42999267578125,237.8699951171875,39832000.0,,,,,
2025-01-15,2025-01-15,GME,,,,,,28.899999618530273,29.329999923706055,27.84000015258789,27.959999084472656,6025400.0,,,,,,,,,,
2025-01-15,2025-01-15,NVDA,,,,,,,,,,,,,,,,133.64999389648438,136.4499969482422,131.2899932861328,136.24000549316406,185217300.0
2025-01-15,2025-01-15,TSLA,409.8999938964844,429.79998779296875,405.6600036621094,428.2200012207031,81375500.0,,,,,,,,,,,,,,,
2025-01-16,2025-01-16,AAPL,,,,,,,,,,,237.35000610351562,238.00999450683594,228.02999877929688,228.25999450683594,71759100.0,,,,,
2025-01-16,2025-01-16,GME,,,,,,27.940000534057617,28.139999389648438,27.40999984741211,27.719999313354492,4432000.0,,,,,,,,,,
2025-01-16,2025-01-16,NVDA,,,,,,,,,,,,,,,,138.63999938964844,138.75,133.49000549316406,133.57000732421875,209235600.0
2025-01-16,2025-01-16,TSLA,423.489990234375,424.0,409.1300048828125,413.82000732421875,68335200.0,,,,,,,,,,,,,,,
2025-01-17,2025-01-17,AAPL,,,,,,,,,,,232.1199951171875,232.2899932861328,228.47999572753906,229.97999572753906,68488300.0,,,,,
2025-01-17,2025-01-17,GME,,,,,,27.610000610351562,28.790000915527344,27.020000457763672,27.510000228881836,8977500.0,,,,,,,,,,
2025-01-17,2025-01-17,NVDA,,,,,,,,,,,,,,,,136.69000244140625,138.5,135.4600067138672,137.7100067138672,201188800.0
2025-01-17,2025-01-17,TSLA,421.5,439.739990234375,419.75,426.5,94991400.0,,,,,,,,,,,,,,,
2025-01-21,2025-01-21,AAPL,,,,,,,,,,,224.0,224.4199981689453,219.3800048828125,222.63999938964844,98070400.0,,,,,
2025-01-21,2025-01-21,GME,,,,,,27.399999618530273,27.56999969482422,26.329999923706055,27.469999313354492,5867800.0,,,,,,,,,,
2025-01-21,2025-01-21,NVDA,,,,,,,,,,,,,,,,139.16000366210938,141.8300018310547,137.08999633789062,140.8300018310547,197749000.0
2025-01-21,2025-01-21,TSLA,432.6400146484375,433.20001220703125,406.30999755859375,424.07000732421875,87320900.0,,,,,,,,,,,,,,,
2025-01-22,2025-01-22,AAPL,,,,,,,,,,,219.7899932861328,224.1199951171875,219.7899932861328,223.8300018310547,64126500.0,,,,,
2025-01-22,2025-01-22,GME,,,,,,27.360000610351562,28.020000457763672,27.299999237060547,27.649999618530273,5025400.0,,,,,,,,,,
2025-01-22,2025-01-22,NVDA,,,,,,,,,,,,,,,,144.66000366210938,147.7899932861328,143.6699981689453,147.07000732421875,237651400.0
2025-01-22,2025-01-22,TSLA,416.80999755859375,428.0,414.5899963378906,415.1099853515625,60963300.0,,,,,,,,,,,,,,,
2025-01-23,2025-01-23,AAPL,,,,,,,,,,,224.74000549316406,227.02999877929688,222.3000030517578,223.66000366210938,60234800.0,,,,,
2025-01-23,2025-01-23,GME,,,,,,27.8799991607666,29.260000228881836,27.68000030517578,28.329999923706055,8828200.0,,,,,,,,,,
2025-01-23,2025-01-23,NVDA,,,,,,,,,,,,,,,,145.0500030517578,147.22999572753906,143.72000122070312,147.22000122070312,155915500.0
2025-01-23,2025-01-23,TSLA,416.05999755859375,420.7300109863281,408.95001220703125,412.3800048828125,50690600.0,,,,,,,,,,,,,,,
2025-01-24,2025-01-24,AAPL,,,,,,,,,,,224.77999877929688,225.6300048828125,221.41000366210938,222.77999877929688,54697900.0,,,,,
2025-01-24,2025-01-24,GME,,,,,,28.299999237060547,28.670000076293945,27.6200008392334,27.770000457763672,4511600.0,,,,,,,,,,
2025-01-24,2025-01-24,NVDA,,,,,,,,,,,,,,,,148.3699951171875,148.97000122070312,141.8800048828125,142.6199951171875,234657600.0
2025-01-24,2025-01-24,TSLA,414.45001220703125,418.8800048828125,405.7799987792969,406.5799865722656,56427100.0,,,,,,,,,,,,,,,
2025-01-27,2025-01-27,AAPL,,,,,,,,,,,224.02000427246094,232.14999389648438,223.97999572753906,229.86000061035156,94863400.0,,,,,
2025-01-27,2025-01-27,GME,,,,,,26.920000076293945,27.68000030517578,26.799999237060547,26.969999313354492,5060300.0,,,,,,,,,,
2025-01-27,2025-01-27,NVDA,,,,,,,,,,,,,,,,124.80000305175781,128.39999389648438,116.69999694824219,118.41999816894531,818830900.0
2025-01-27,2025-01-27,TSLA,394.79998779296875,406.69000244140625,389.0,397.1499938964844,58125500.0,,,,,,,,,,,,,,,
2025-01-28,2025-01-28,AAPL,,,,,,,,,,,230.85000610351562,240.19000244140625,230.80999755859375,238.25999450683594,75707600.0,,,,,
2025-01-28,2025-01-28,GME,,,,,,27.0,27.59000015258789,26.649999618530273,27.459999084472656,3169900.0,,,,,,,,,,
2025-01-28,2025-01-28,NVDA,,,,,,,,,,,,,,,,121.80999755859375,129.0,116.25,128.99000549316406,579666400.0
2025-01-28,2025-01-28,TSLA,396.9100036621094,400.5899963378906,386.5,398.0899963378906,48910700.0,,,,,,,,,,,,,,,
2025-01-29,2025-01-29,AAPL,,,,,,,,,,,234.1199951171875,239.86000061035156,234.00999450683594,239.36000061035156,45486100.0,,,,,
2025-01-29,2025-01-29,GME,,,,,,27.40999984741211,27.739999771118164,27.059999465942383,27.510000228881836,3220400.0,,,,,,,,,,
2025-01-29,2025-01-29,NVDA,,,,,,,,,,,,,,,,126.5,126.88999938964844,120.05000305175781,123.69999694824219,467120600.0
2025-01-29,2025-01-29,TSLA,395.2099914550781,398.5899963378906,384.4800109863281,389.1000061035156,68033600.0,,,,,,,,,,,,,,,
2025-01-30,2025-01-30,AAPL,,,,,,,,,,,238.6699981689453,240.7899932861328,237.2100067138672,237.58999633789062,55658300.0,,,,,
2025-01-30,2025-01-30,GME,,,,,,27.84000015258789,28.229999542236328,27.709999084472656,27.989999771118164,3343900.0,,,,,,,,,,
2025-01-30,2025-01-30,NVDA,,,,,,,,,,,,,,,,123.0999984741211,125.0,118.0999984741211,124.6500015258789,392925500.0
2025-01-30,2025-01-30,TSLA,410.7799987792969,412.5,384.4100036621094,400.2799987792969,98092900.0,,,,,,,,,,,,,,,
2025-01-31,2025-01-31,AAPL,,,,,,,,,,,247.19000244140625,247.19000244140625,233.44000244140625,236.0,101075100.0,,,,,
2025-01-31,2025-01-31,GME,,,,,,27.790000915527344,28.18000030517578,26.899999618530273,26.899999618530273,4544000.0,,,,,,,,,,
2025-01-31,2025-01-31,NVDA,,,,,,,,,,,,,,,,123.77999877929688,127.8499984741211,119.19000244140625,120.06999969482422,390372900.0
2025-01-31,2025-01-31,TSLA,401.5299987792969,419.989990234375,401.3399963378906,404.6000061035156,83568200.0,,,,,,,,,,,,,,,
2025-02-03,2025-02-03,AAPL,,,,,,,,,,,229.99000549316406,231.8300018310547,225.6999969482422,228.00999450683594,73063300.0,,,,,
2025-02-03,2025-02-03,GME,,,,,,25.56999969482422,26.540000915527344,25.5,25.889999389648438,5740500.0,,,,,,,,,,
2025-02-03,2025-02-03,NVDA,,,,,,,,,,,,,,,,114.75,118.56999969482422,113.01000213623047,116.66000366210938,371235700.0
2025-02-03,2025-02-03,TSLA,386.67999267578125,389.1700134277344,374.3599853515625,383.67999267578125,93732100.0,,,,,,,,,,,,,,,
2025-02-04,2025-02-04,AAPL,,,,,,,,,,,227.25,233.1300048828125,226.64999389648438,232.8000030517578,45067300.0,,,,,
2025-02-04,2025-02-04,GME,,,,,,25.850000381469727,26.25,25.799999237060547,25.899999618530273,3353700.0,,,,,,,,,,
2025-02-04,2025-02-04,NVDA,,,,,,,,,,,,,,,,116.95999908447266,121.19999694824219,116.69999694824219,118.6500015258789,256550000.0
2025-02-04,2025-02-04,TSLA,382.6300048828125,394.0,381.3999938964844,392.2099914550781,57072200.0,,,,,,,,,,,,,,,
2025-02-05,2025-02-05,AAPL,,,,,,,,,,,228.52999877929688,232.6699981689453,228.27000427246094,232.47000122070312,39620300.0,,,,,
2025-02-05,2025-02-05,GME,,,,,,25.700000762939453,25.809999465942383,24.899999618530273,24.93000030517578,4580200.0,,,,,,,,,,
2025-02-05,2025-02-05,NVDA,,,,,,,,,,,,,,,,121.76000213623047,125.0,120.76000213623047,124.83000183105469,262230800.0
2025-02-05,2025-02-05,TSLA,387.510009765625,388.3900146484375,375.5299987792969,378.1700134277344,57223300.0,,,,,,,,,,,,,,,
2025-02-06,2025-02-06,AAPL,,,,,,,,,,,231.2899932861328,233.8000030517578,230.42999267578125,233.22000122070312,29925300.0,,,,,
2025-02-06,2025-02-06,GME,,,,,,24.93000030517578,25.389999389648438,24.530000686645508,24.799999237060547,4349500.0,,,,,,,,,,
2025-02-06,2025-02-06,NVDA,,,,,,,,,,,,,,,,127.41999816894531,128.77000427246094,125.20999908447266,128.67999267578125,251483600.0
2025-02-06,2025-02-06,TSLA,373.0299987792969,375.3999938964844,363.17999267578125,374.32000732421875,77918200.0,,,,,,,,,,,,,,,
2025-02-07,2025-02-07,AAPL,,,,,,,,,,,232.60000610351562,234.0,227.25999450683594,227.6300048828125,39707200.0,,,,,
2025-02-07,2025-02-07,GME,,,,,,24.899999618530273,25.020000457763672,24.600000381469727,24.729999542236328,3403300.0,,,,,,,,,,
2025-02-07,2025-02-07,NVDA,,,,,,,,,,,,,,,,129.22000122070312,130.3699951171875,125.0,129.83999633789062,228186300.0
2025-02-07,2025-02-07,TSLA,370.19000244140625,380.54998779296875,360.3399963378906,361.6199951171875,70298300.0,,,,,,,,,,,,,,,
2025-02-10,2025-02-10,AAPL,,,,,,,,,,,229.57000732421875,230.58999633789062,227.1999969482422,227.64999389648438,33115600.0,,,,,
2025-02-10,2025-02-10,GME,,,,,,25.5,27.270000457763672,25.299999237060547,27.1200008392334,9694700.0,,,,,,,,,,
2025-02-10,2025-02-10,NVDA,,,,,,,,,,,,,,,,130.08999633789062,135.0,129.9600067138672,133.57000732421875,216989100.0
2025-02-10,2025-02-10,TSLA,356.2099914550781,362.70001220703125,350.510009765625,350.7300109863281,77514900.0,,,,,,,,,,,,,,,
2025-02-11,2025-02-11,AAPL,,,,,,,,,,,228.1999969482422,235.22999572753906,228.1300048828125,232.6199951171875,53718400.0,,,,,
2025-02-11,2025-02-11,GME,,,,,,26.850000381469727,27.760000228881836,26.469999313354492,26.559999465942383,7042700.0,,,,,,,,,,
2025-02-11,2025-02-11,NVDA,,,,,,,,,,,,,,,,132.5800018310547,134.47999572753906,131.02000427246094,132.8000030517578,178902400.0
2025-02-11,2025-02-11,TSLA,345.79998779296875,349.3699951171875,325.1000061035156,328.5,118543400.0,,,,,,,,,,,,,,,
2025-02-12,2025-02-12,AAPL,,,,,,,,,,,231.1999969482422,236.9600067138672,230.67999267578125,236.8699951171875,45243300.0,,,,,
2025-02-12,2025-02-12,GME,,,,,,26.1200008392334,26.399999618530273,25.600000381469727,25.989999771118164,3999200.0,,,,,,,,,,
2025-02-12,2025-02-12,NVDA,,,,,,,,,,,,,,,,130.02000427246094,132.24000549316406,129.0800018310547,131.13999938964844,160278600.0
2025-02-12,2025-02-12,TSLA,329.94000244140625,346.3999938964844,329.1199951171875,336.510009765625,105382700.0,,,,,,,,,,,,,,,
2025-02-13,2025-02-13,AAPL,,,,,,,,,,,236.91000366210938,242.33999633789062,235.57000732421875,241.52999877929688,53614100.0,,,,,
2025-02-13,2025-02-13,GME,,,,,,25.75,26.399999618530273,25.75,26.34000015258789,8255300.0,,,,,,,,,,
2025-02-13,2025-02-13,NVDA,,,,,,,,,,,,,,,,131.55999755859375,136.5,131.1699981689453,135.2899932861328,197430000.0
2025-02-13,2025-02-13,TSLA,345.0,358.69000244140625,342.8500061035156,355.94000244140625,89441500.0,,,,,,,,,,,,,,,
2025-02-14,2025-02-14,AAPL,,,,,,,,,,,241.25,245.5500030517578,240.99000549316406,244.60000610351562,40896200.0,,,,,
2025-02-14,2025-02-14,GME,,,,,,28.899999618530273,28.969999313354492,26.899999618530273,27.0,12142600.0,,,,,,,,,,
2025-02-14,2025-02-14,NVDA,,,,,,,,,,,,,,,,136.47999572753906,139.25,135.5,138.85000610351562,195479600.0
2025-02-14,2025-02-14,TSLA,360.6199951171875,362.0,347.5,355.8399963378906,68277300.0,,,,,,,,,,,,,,,
2025-02-18,2025-02-18,AAPL,,,,,,,,,,,244.14999389648438,245.17999267578125,241.83999633789062,244.47000122070312,48822500.0,,,,,
2025-02-18,2025-02-18,GME,,,,,,27.030000686645508,27.59000015258789,26.65999984741211,26.969999313354492,5337800.0,,,,,,,,,,
2025-02-18,2025-02-18,NVDA,,,,,,,,,,,,,,,,141.27000427246094,143.44000244140625,137.92999267578125,139.39999389648438,219176600.0
2025-02-18,2025-02-18,TSLA,355.010009765625,359.1000061035156,350.0199890136719,354.1099853515625,51631700.0,,,,,,,,,,,,,,,
2025-02-19,2025-02-19,AAPL,,,,,,,,,,,244.66000366210938,246.00999450683594,243.16000366210938,244.8699951171875,32204200.0,,,,,
2025-02-19,2025-02-19,GME,,,,,,26.799999237060547,26.959999084472656,25.920000076293945,26.0,4382100.0,,,,,,,,,,
2025-02-19,2025-02-19,NVDA,,,,,,,,,,,,,,,,139.50999450683594,141.36000061035156,137.22000122070312,139.22999572753906,167536000.0
2025-02-19,2025-02-19,TSLA,354.0,367.3399963378906,353.6700134277344,360.55999755859375,67094400.0,,,,,,,,,,,,,,,
2025-02-20,2025-02-20,AAPL,,,,,,,,,,,244.94000244140625,246.77999877929688,244.2899932861328,245.8300018310547,32316900.0,,,,,
2025-02-20,2025-02-20,GME,,,,,,25.799999237060547,27.450000762939453,25.760000228881836,27.040000915527344,7735200.0,,,,,,,,,,
2025-02-20,2025-02-20,NVDA,,,,,,,,,,,,,,,,140.02999877929688,140.66000366210938,136.7899932861328,140.11000061035156,143903600.0
2025-02-20,2025-02-20,TSLA,361.510009765625,362.29998779296875,348.0,354.3999938964844,45965400.0,,,,,,,,,,,,,,,
2025-02-21,2025-02-21,AAPL,,,,,,,,,,,245.9499969482422,248.69000244140625,245.22000122070312,245.5500030517578,53197400.0,,,,,
2025-02-21,2025-02-21,GME,,,,,,27.25,27.579999923706055,26.15999984741211,26.420000076293945,6130900.0,,,,,,,,,,
2025-02-21,2025-02-21,NVDA,,,,,,,,,,,,,,,,140.0399932861328,141.4600067138672,134.02999877929688,134.42999267578125,228217600.0
2025-02-21,2025-02-21,TSLA,353.44000244140625,354.9800109863281,334.4200134277344,337.79998779296875,74058600.0,,,,,,,,,,,,,,,
2025-02-24,2025-02-24,AAPL,,,,,,,,,,,244.92999267578125,248.86000061035156,244.4199981689453,247.10000610351562,51326400.0,,,,,
2025-02-24,2025-02-24,GME,,,,,,26.34000015258789,26.389999389648438,24.950000762939453,25.0,5980000.0,,,,,,,,,,
2025-02-24,2025-02-24,NVDA,,,,,,,,,,,,,,,,136.55999755859375,138.58999633789062,130.0800018310547,130.27999877929688,251381100.0
2025-02-24,2025-02-24,TSLA,338.1400146484375,342.3999938964844,324.70001220703125,330.5299987792969,76052300.0,,,,,,,,,,,,,,,
2025-02-25,2025-02-25,AAPL,,,,,,,,,,,248.0,250.0,244.91000366210938,247.0399932861328,48013300.0,,,,,
2025-02-25,2025-02-25,GME,,,,,,24.93000030517578,25.290000915527344,23.829999923706055,24.420000076293945,6551500.0,,,,,,,,,,
2025-02-25,2025-02-25,NVDA,,,,,,,,,,,,,,,,129.97999572753906,130.1999969482422,124.44000244140625,126.62999725341797,271428700.0
2025-02-25,2025-02-25,TSLA,327.0199890136719,328.8900146484375,297.25,302.79998779296875,134228800.0,,,,,,,,,,,,,,,
2025-02-26,2025-02-26,AAPL,,,,,,,,,,,244.3300018310547,244.97999572753906,239.1300048828125,240.36000061035156,44433600.0,,,,,
2025-02-26,2025-02-26,GME,,,,,,24.540000915527344,25.209999084472656,24.450000762939453,24.610000610351562,3272500.0,,,,,,,,,,
2025-02-26,2025-02-26,NVDA,,,,,,,,,,,,,,,,129.99000549316406,133.72999572753906,128.49000549316406,131.27999877929688,322553800.0
2025-02-26,2025-02-26,TSLA,303.7099914550781,309.0,288.0400085449219,290.79998779296875,100118300.0,,,,,,,,,,,,,,,
2025-02-27,2025-02-27,AAPL,,,,,,,,,,,239.41000366210938,242.4600067138672,237.05999755859375,237.3000030517578,41153600.0,,,,,
2025-02-27,2025-02-27,GME,,,,,,25.0,25.3700008392334,24.139999389648438,24.479999542236328,4590000.0,,,,,,,,,,
2025-02-27,2025-02-27,NVDA,,,,,,,,,,,,,,,,135.0,135.00999450683594,120.01000213623047,120.1500015258789,443175800.0
2025-02-27,2025-02-27,TSLA,291.1600036621094,297.2300109863281,280.8800048828125,281.95001220703125,101748200.0,,,,,,,,,,,,,,,
2025-02-28,2025-02-28,AAPL,,,,,,,,,,,236.9499969482422,242.08999633789062,230.1999969482422,241.83999633789062,56833400.0,,,,,
2025-02-28,2025-02-28,GME,,,,,,24.329999923706055,25.100000381469727,24.200000762939453,25.040000915527344,4137100.0,,,,,,,,,,
2025-02-28,2025-02-28,NVDA,,,,,,,,,,,,,,,,118.0199966430664,125.08999633789062,116.4000015258789,124.91999816894531,389091100.0
2025-02-28,2025-02-28,TSLA,279.5,293.8800048828125,273.6000061035156,292.9800109863281,115697000.0,,,,,,,,,,,,,,,
2025-03-03,2025-03-03,AAPL,,,,,,,,,,,241.7899932861328,244.02999877929688,236.11000061035156,238.02999877929688,47184000.0,,,,,
2025-03-03,2025-03-03,GME,,,,,,25.260000228881836,25.479999542236328,24.18000030517578,24.399999618530273,4291000.0,,,,,,,,,,
2025-03-03,2025-03-03,NVDA,,,,,,,,,,,,,,,,123.51000213623047,123.69999694824219,112.27999877929688,114.05999755859375,411381400.0
2025-03-03,2025-03-03,TSLA,300.3399963378906,303.94000244140625,277.29998779296875,284.6499938964844,115551400.0,,,,,,,,,,,,,,,
2025-03-04,2025-03-04,AAPL,,,,,,,,,,,237.7100067138672,240.07000732421875,234.67999267578125,235.92999267578125,53798100.0,,,,,
2025-03-04,2025-03-04,GME,,,,,,23.770000457763672,24.860000610351562,23.440000534057617,24.299999237060547,5068700.0,,,,,,,,,,
2025-03-04,2025-03-04,NVDA,,,,,,,,,,,,,,,,110.6500015258789,119.30999755859375,110.11000061035156,115.98999786376953,398163300.0
2025-03-04,2025-03-04,TSLA,270.92999267578125,284.3500061035156,261.8399963378906,272.0400085449219,126706600.0,,,,,,,,,,,,,,,
2025-03-05,2025-03-05,AAPL,,,,,,,,,,,235.4199981689453,236.5500030517578,229.22999572753906,235.74000549316406,47227600.0,,,,,
2025-03-05,2025-03-05,GME,,,,,,24.329999923706055,25.15999984741211,24.110000610351562,25.06999969482422,3282500.0,,,,,,,,,,
2025-03-05,2025-03-05,NVDA,,,,,,,,,,,,,,,,117.58000183105469,118.27999877929688,114.51000213623047,117.30000305175781,284337900.0
2025-03-05,2025-03-05,TSLA,272.9200134277344,279.54998779296875,267.7099914550781,279.1000061035156,94042900.0,,,,,,,,,,,,,,,
2025-03-06,2025-03-06,AAPL,,,,,,,,,,,234.44000244140625,237.86000061035156,233.16000366210938,235.3300018310547,45170400.0,,,,,
2025-03-06,2025-03-06,GME,,,,,,24.739999771118164,25.010000228881836,24.049999237060547,24.200000762939453,3421400.0,,,,,,,,,,
2025-03-06,2025-03-06,NVDA,,,,,,,,,,,,,,,,113.52999877929688,115.3499984741211,110.22000122070312,110.56999969482422,321181900.0
2025-03-06,2025-03-06,TSLA,272.05999755859375,272.6499938964844,260.0199890136719,263.45001220703125,98451600.0,,,,,,,,,,,,,,,
2025-03-07,2025-03-07,AAPL,,,,,,,,,,,235.11000061035156,241.3699951171875,234.75999450683594,239.07000732421875,46273600.0,,,,,
2025-03-07,2025-03-07,GME,,,,,,24.0,24.350000381469727,23.520000457763672,24.0,3464000.0,,,,,,,,,,
2025-03-07,2025-03-07,NVDA,,,,,,,,,,,,,,,,111.25,113.4800033569336,107.55999755859375,112.69000244140625,341755500.0
2025-03-07,2025-03-07,TSLA,259.32000732421875,266.25,250.72999572753906,262.6700134277344,102369600.0,,,,,,,,,,,,,,,
2025-03-10,2025-03-10,AAPL,,,,,,,,,,,235.5399932861328,236.16000366210938,224.22000122070312,227.47999572753906,72071200.0,,,,,
2025-03-10,2025-03-10,GME,,,,,,23.440000534057617,23.579999923706055,22.260000228881836,22.420000076293945,6226900.0,,,,,,,,,,
2025-03-10,2025-03-10,NVDA,,,,,,,,,,,,,,,,109.9000015258789,111.8499984741211,105.45999908447266,106.9800033569336,366487400.0
2025-03-10,2025-03-10,TSLA,252.5399932861328,253.3699951171875,220.0,222.14999389648438,189076900.0,,,,,,,,,,,,,,,
2025-03-11,2025-03-11,AAPL,,,,,,,,,,,223.80999755859375,225.83999633789062,217.4499969482422,220.83999633789062,76137400.0,,,,,
2025-03-11,2025-03-11,GME,,,,,,22.350000381469727,22.979999542236328,22.079999923706055,22.610000610351562,4226900.0,,,,,,,,,,
2025-03-11,2025-03-11,NVDA,,,,,,,,,,,,,,,,106.98999786376953,112.23999786376953,104.7699966430664,108.76000213623047,354865700.0
2025-03-11,2025-03-11,TSLA,225.30999755859375,237.05999755859375,217.02000427246094,230.5800018310547,174896400.0,,,,,,,,,,,,,,,
2025-03-12,2025-03-12,AAPL,,,,,,,,,,,220.13999938964844,221.75,214.91000366210938,216.97999572753906,62547500.0,,,,,
2025-03-12,2025-03-12,GME,,,,,,22.950000762939453,23.239999771118164,21.889999389648438,21.989999771118164,3718200.0,,,,,,,,,,
2025-03-12,2025-03-12,NVDA,,,,,,,,,,,,,,,,114.12000274658203,116.76000213623047,112.87999725341797,115.73999786376953,323857500.0
2025-03-12,2025-03-12,TSLA,247.22000122070312,251.83999633789062,241.10000610351562,248.08999633789062,142215700.0,,,,,,,,,,,,,,,
2025-03-13,2025-03-13,AAPL,,,,,,,,,,,215.9499969482422,216.83999633789062,208.4199981689453,209.67999267578125,61368300.0,,,,,
2025-03-13,2025-03-13,GME,,,,,,22.049999237060547,22.25,21.559999465942383,21.950000762939453,3829800.0,,,,,,,,,,
2025-03-13,2025-03-13,NVDA,,,,,,,,,,,,,,,,117.02999877929688,117.76000213623047,113.79000091552734,115.58000183105469,299033100.0
2025-03-13,2025-03-13,TSLA,248.1300048828125,248.2899932861328,232.60000610351562,240.67999267578125,114813500.0,,,,,,,,,,,,,,,
2025-03-14,2025-03-14,AAPL,,,,,,,,,,,211.25,213.9499969482422,209.5800018310547,213.49000549316406,60107600.0,,,,,
2025-03-14,2025-03-14,GME,,,,,,22.290000915527344,23.149999618530273,22.290000915527344,23.049999237060547,3960500.0,,,,,,,,,,
2025-03-14,2025-03-14,NVDA,,,,,,,,,,,,,,,,118.61000061035156,121.87999725341797,118.1500015258789,121.66999816894531,277593500.0
2025-03-14,2025-03-14,TSLA,247.30999755859375,251.5800018310547,240.72999572753906,249.97999572753906,100242300.0,,,,,,,,,,,,,,,
2025-03-17,2025-03-17,AAPL,,,,,,,,,,,213.30999755859375,215.22000122070312,209.97000122070312,214.0,48073400.0,,,,,
2025-03-17,2025-03-17,GME,,,,,,23.239999771118164,23.729999542236328,22.969999313354492,23.5,2899100.0,,,,,,,,,,
2025-03-17,2025-03-17,NVDA,,,,,,,,,,,,,,,,122.73999786376953,122.88999938964844,118.02999877929688,119.52999877929688,255501500.0
2025-03-17,2025-03-17,TSLA,245.05999755859375,245.39999389648438,232.8000030517578,238.00999450683594,111900600.0,,,,,,,,,,,,,,,
2025-03-18,2025-03-18,AAPL,,,,,,,,,,,214.16000366210938,215.14999389648438,211.49000549316406,212.69000244140625,42432400.0,,,,,
2025-03-18,2025-03-18,GME,,,,,,23.290000915527344,23.6200008392334,23.139999389648438,23.299999237060547,2155800.0,,,,,,,,,,
2025-03-18,2025-03-18,NVDA,,,,,,,,,,,,,,,,118.0,119.0199966430664,114.54000091552734,115.43000030517578,299686900.0
2025-03-18,2025-03-18,TSLA,228.16000366210938,230.10000610351562,222.27999877929688,225.30999755859375,111477600.0,,,,,,,,,,,,,,,
2025-03-19,2025-03-19,AAPL,,,,,,,,,,,214.22000122070312,218.75999450683594,213.75,215.24000549316406,54385400.0,,,,,
2025-03-19,2025-03-19,GME,,,,,,23.399999618530273,23.989999771118164,23.260000228881836,23.709999084472656,3032300.0,,,,,,,,,,
2025-03-19,2025-03-19,NVDA,,,,,,,,,,,,,,,,117.2699966430664,120.44999694824219,115.68000030517578,117.5199966430664,273426200.0
2025-03-19,2025-03-19,TSLA,231.61000061035156,241.41000366210938,229.1999969482422,235.86000061035156,111993800.0,,,,,,,,,,,,,,,
2025-03-20,2025-03-20,AAPL,,,,,,,,,,,213.99000549316406,217.49000549316406,212.22000122070312,214.10000610351562,48862900.0,,,,,
2025-03-20,2025-03-20,GME,,,,,,23.649999618530273,24.1200008392334,23.510000228881836,23.510000228881836,1998200.0,,,,,,,,,,
2025-03-20,2025-03-20,NVDA,,,,,,,,,,,,,,,,116.55000305175781,120.19999694824219,116.47000122070312,118.52999877929688,248829700.0
2025-03-20,2025-03-20,TSLA,233.35000610351562,238.0,230.0500030517578,236.25999450683594,99028300.0,,,,,,,,,,,,,,,
2025-03-21,2025-03-21,AAPL,,,,,,,,,,,211.55999755859375,218.83999633789062,211.27999877929688,218.27000427246094,94127800.0,,,,,
2025-03-21,2025-03-21,GME,,,,,,23.75,24.809999465942383,23.649999618530273,24.75,6893900.0,,,,,,,,,,
2025-03-21,2025-03-21,NVDA,,,,,,,,,,,,,,,,116.94000244140625,117.98999786376953,115.41999816894531,117.69999694824219,266498500.0
2025-03-21,2025-03-21,TSLA,234.99000549316406,249.52000427246094,234.5500030517578,248.7100067138672,132728700.0,,,,,,,,,,,,,,,
2025-03-24,2025-03-24,AAPL,,,,,,,,,,,221.0,221.47999572753906,218.5800018310547,220.72999572753906,44299500.0,,,,,
2025-03-24,2025-03-24,GME,,,,,,25.350000381469727,25.829999923706055,25.149999618530273,25.610000610351562,5036000.0,,,,,,,,,,
2025-03-24,2025-03-24,NVDA,,,,,,,,,,,,,,,,119.87999725341797,122.22000122070312,119.33999633789062,121.41000366210938,228452500.0
2025-03-24,2025-03-24,TSLA,258.0799865722656,278.6400146484375,256.3299865722656,278.3900146484375,169079900.0,,,,,,,,,,,,,,,
2025-03-25,2025-03-25,AAPL,,,,,,,,,,,220.77000427246094,224.10000610351562,220.0800018310547,223.75,34493600.0,,,,,
2025-03-25,2025-03-25,GME,,,,,,25.700000762939453,25.770000457763672,24.989999771118164,25.399999618530273,10106800.0,,,,,,,,,,
2025-03-25,2025-03-25,NVDA,,,,,,,,,,,,,,,,120.55000305175781,121.29000091552734,118.91999816894531,120.69000244140625,167447200.0
2025-03-25,2025-03-25,TSLA,283.6000061035156,288.20001220703125,271.2799987792969,288.1400146484375,150361500.0,,,,,,,,,,,,,,,
2025-03-26,2025-03-26,AAPL,,,,,,,,,,,223.50999450683594,225.02000427246094,220.47000122070312,221.52999877929688,34466100.0,,,,,
2025-03-26,2025-03-26,GME,,,,,,28.84000015258789,29.799999237060547,27.31999969482422,28.360000610351562,52930500.0,,,,,,,,,,
2025-03-26,2025-03-26,NVDA,,,,,,,,,,,,,,,,118.7300033569336,118.83999633789062,112.70999908447266,113.76000213623047,293463300.0
2025-03-26,2025-03-26,TSLA,282.6600036621094,284.8999938964844,266.510009765625,272.05999755859375,153629800.0,,,,,,,,,,,,,,,
2025-03-27,2025-03-27,AAPL,,,,,,,,,,,221.38999938964844,224.99000549316406,220.55999755859375,223.85000610351562,37094800.0,,,,,
2025-03-27,2025-03-27,GME,,,,,,25.8700008392334,26.280000686645508,21.15999984741211,22.09000015258789,96733100.0,,,,,,,,,,
2025-03-27,2025-03-27,NVDA,,,,,,,,,,,,,,,,111.3499984741211,114.44999694824219,110.66000366210938,111.43000030517578,236902100.0
2025-03-27,2025-03-27,TSLA,272.4800109863281,291.8500061035156,271.82000732421875,273.1300048828125,162572100.0,,,,,,,,,,,,,,,
2025-03-28,2025-03-28,AAPL,,,,,,,,,,,221.6699981689453,223.80999755859375,217.67999267578125,217.89999389648438,39818600.0,,,,,
2025-03-28,2025-03-28,GME,,,,,,21.889999389648438,22.790000915527344,21.700000762939453,21.729999542236328,44771700.0,,,,,,,,,,
2025-03-28,2025-03-28,NVDA,,,,,,,,,,,,,,,,111.48999786376953,112.87000274658203,109.06999969482422,109.66999816894531,229872500.0
2025-03-28,2025-03-28,TSLA,275.5799865722656,276.1000061035156,260.57000732421875,263.54998779296875,123809400.0,,,,,,,,,,,,,,,
2025-03-31,2025-03-31,AAPL,,,,,,,,,,,217.00999450683594,225.6199951171875,216.22999572753906,222.1300048828125,65299300.0,,,,,
2025-03-31,2025-03-31,GME,,,,,,21.399999618530273,22.6299991607666,20.729999542236328,22.31999969482422,16147900.0,,,,,,,,,,
2025-03-31,2025-03-31,NVDA,,,,,,,,,,,,,,,,105.12999725341797,110.95999908447266,103.6500015258789,108.37999725341797,299212700.0
2025-03-31,2025-03-31,TSLA,249.30999755859375,260.55999755859375,243.36000061035156,259.1600036621094,134008900.0,,,,,,,,,,,,,,,
